order_id,customer_id,order_date,status
1,109,2023-02-28,completed
2,166,2023-03-18,cancelled
3,37,2023-02-06,completed
4,79,2023-11-01,returned
5,146,2023-05-28,completed
6,120,2023-12-19,completed
7,104,2023-05-20,completed
8,127,2023-08-13,completed
9,11,2023-08-10,returned
10,155,2023-05-09,completed
11,59,2023-12-12,returned
12,148,2023-10-28,cancelled
13,196,2023-12-11,returned
14,148,2023-01-21,returned
15,45,2023-08-29,completed
16,114,2023-05-23,completed
17,150,2023-08-12,completed
18,126,2023-02-16,completed
19,105,2023-06-20,completed
20,27,2023-03-24,completed
21,178,2023-09-11,completed
22,103,2023-10-09,completed
23,23,2023-06-11,completed
24,30,2023-07-26,returned
25,1,2023-12-03,returned
26,119,2023-07-31,completed
27,133,2023-07-05,completed
28,128,2023-11-17,completed
29,14,2023-04-15,completed
30,34,2023-05-28,completed
31,179,2023-09-06,completed
32,162,2023-11-08,returned
33,182,2023-03-23,completed
34,4,2023-10-10,completed
35,58,2023-02-28,completed
36,31,2023-11-28,returned
37,128,2023-05-30,completed
38,70,2023-08-01,returned
39,121,2023-05-05,completed
40,38,2023-07-16,completed
41,154,2023-09-18,returned
42,35,2023-02-05,completed
43,107,2023-06-24,cancelled
44,130,2023-05-17,returned
45,73,2023-06-02,returned
46,149,2023-12-04,completed
47,39,2023-08-17,completed
48,89,2023-06-20,completed
49,140,2023-07-13,completed
50,83,2023-04-07,cancelled
51,62,2023-10-20,completed
52,199,2023-07-30,completed
53,191,2023-08-31,returned
54,98,2023-07-17,cancelled
55,167,2023-03-19,completed
56,10,2023-03-06,completed
57,152,2023-06-19,returned
58,113,2023-02-21,completed
59,117,2023-01-08,returned
60,105,2023-12-02,cancelled
61,20,2023-08-29,returned
62,68,2023-06-23,completed
63,102,2023-11-29,completed
64,85,2023-12-12,returned
65,98,2023-06-12,completed
66,195,2023-09-07,returned
67,10,2023-11-13,completed
68,162,2023-12-17,cancelled
69,59,2023-02-16,completed
70,26,2023-11-21,returned
71,26,2023-08-16,completed
72,77,2023-01-15,completed
73,15,2023-05-31,completed
74,111,2023-03-16,completed
75,106,2023-10-17,completed
76,47,2023-03-29,completed
77,157,2023-07-15,completed
78,62,2023-09-12,cancelled
79,37,2023-04-29,completed
80,66,2023-08-24,completed
81,3,2023-08-27,cancelled
82,174,2023-10-07,completed
83,114,2023-06-26,cancelled
84,77,2023-11-24,cancelled
85,177,2023-05-09,completed
86,78,2023-04-12,cancelled
87,124,2023-02-24,completed
88,147,2023-07-03,completed
89,180,2023-06-01,completed
90,169,2023-07-22,completed
91,145,2023-12-18,returned
92,13,2023-11-07,returned
93,74,2023-04-28,completed
94,91,2023-04-23,completed
95,159,2023-05-09,completed
96,185,2023-12-04,completed
97,36,2023-11-18,completed
98,161,2023-11-27,completed
99,113,2023-01-18,completed
100,188,2023-03-09,completed
101,76,2023-06-17,returned
102,45,2023-04-13,completed
103,139,2023-07-07,completed
104,70,2023-03-26,completed
105,124,2023-06-01,returned
106,87,2023-02-28,completed
107,20,2023-03-14,returned
108,58,2023-12-13,returned
109,102,2023-10-13,completed
110,102,2023-01-08,completed
111,32,2023-08-21,completed
112,192,2023-12-11,completed
113,98,2023-11-23,cancelled
114,28,2023-12-12,completed
115,7,2023-11-14,returned
116,144,2023-06-17,cancelled
117,57,2023-11-28,completed
118,119,2023-12-25,completed
119,105,2023-03-01,completed
120,10,2023-06-05,cancelled
121,30,2023-02-19,completed
122,138,2023-03-11,completed
123,95,2023-12-10,cancelled
124,179,2023-10-04,completed
125,191,2023-03-21,returned
126,168,2023-02-20,returned
127,158,2023-07-28,cancelled
128,72,2023-01-17,completed
129,56,2023-08-16,completed
130,61,2023-07-05,completed
131,176,2023-07-08,completed
132,166,2023-07-03,completed
133,71,2023-04-08,cancelled
134,117,2023-02-16,completed
135,165,2023-11-24,completed
136,6,2023-01-26,returned
137,63,2023-03-06,returned
138,53,2023-02-05,returned
139,142,2023-04-17,completed
140,60,2023-06-18,returned
141,153,2023-01-02,completed
142,38,2023-03-08,completed
143,45,2023-02-26,completed
144,7,2023-03-09,completed
145,61,2023-10-29,completed
146,45,2023-05-16,completed
147,190,2023-08-04,completed
148,191,2023-02-02,completed
149,200,2023-07-05,completed
150,28,2023-08-20,completed
151,158,2023-01-23,returned
152,169,2023-09-24,completed
153,165,2023-01-16,completed
154,123,2023-07-25,completed
155,28,2023-09-09,returned
156,114,2023-02-07,returned
157,83,2023-11-08,completed
158,33,2023-05-21,completed
159,150,2023-10-08,returned
160,98,2023-11-02,completed
161,117,2023-09-16,completed
162,26,2023-12-26,completed
163,168,2023-11-30,returned
164,142,2023-04-21,completed
165,59,2023-07-31,completed
166,117,2023-07-24,completed
167,25,2023-06-10,completed
168,171,2023-05-11,completed
169,40,2023-12-18,cancelled
170,18,2023-02-16,returned
171,24,2023-08-10,completed
172,190,2023-07-10,returned
173,143,2023-01-31,completed
174,144,2023-10-15,completed
175,32,2023-07-30,completed
176,171,2023-08-05,returned
177,185,2023-01-27,cancelled
178,154,2023-06-09,completed
179,148,2023-09-17,completed
180,169,2023-09-04,completed
181,28,2023-06-29,returned
182,95,2023-02-28,returned
183,147,2023-04-26,returned
184,144,2023-11-15,completed
185,165,2023-10-13,completed
186,169,2023-12-22,completed
187,47,2023-05-20,returned
188,80,2023-06-23,completed
189,47,2023-03-15,completed
190,103,2023-02-05,completed
191,163,2023-01-16,completed
192,136,2023-04-21,completed
193,117,2023-06-24,completed
194,80,2023-06-16,returned
195,146,2023-11-02,completed
196,14,2023-03-21,completed
197,159,2023-01-26,completed
198,70,2023-08-15,completed
199,125,2023-11-07,completed
200,70,2023-04-21,returned
201,30,2023-06-26,completed
202,73,2023-12-14,completed
203,125,2023-09-27,completed
204,12,2023-04-23,completed
205,154,2023-01-29,completed
206,78,2023-04-19,returned
207,196,2023-05-11,completed
208,31,2023-01-04,completed
209,111,2023-03-31,completed
210,137,2023-12-27,completed
211,144,2023-12-09,returned
212,19,2023-07-23,returned
213,11,2023-08-12,completed
214,20,2023-06-10,completed
215,147,2023-07-27,returned
216,107,2023-05-29,completed
217,6,2023-06-16,completed
218,159,2023-08-24,returned
219,93,2023-02-15,completed
220,28,2023-05-05,completed
221,103,2023-09-26,completed
222,80,2023-06-23,completed
223,200,2023-03-28,completed
224,163,2023-02-28,completed
225,50,2023-06-28,completed
226,166,2023-03-17,completed
227,38,2023-05-12,completed
228,155,2023-03-20,returned
229,168,2023-02-08,completed
230,198,2023-11-18,completed
231,194,2023-10-16,returned
232,115,2023-12-15,cancelled
233,145,2023-11-26,completed
234,160,2023-06-15,returned
235,161,2023-06-11,completed
236,18,2023-08-29,completed
237,78,2023-05-21,completed
238,91,2023-09-17,completed
239,119,2023-08-20,completed
240,95,2023-05-27,completed
241,24,2023-11-11,completed
242,99,2023-08-25,completed
243,190,2023-01-22,completed
244,147,2023-11-30,completed
245,155,2023-09-01,completed
246,16,2023-08-19,completed
247,88,2023-02-13,completed
248,45,2023-01-21,completed
249,113,2023-08-13,completed
250,157,2023-03-23,completed
251,73,2023-07-18,completed
252,87,2023-12-14,completed
253,162,2023-11-28,completed
254,85,2023-02-18,completed
255,99,2023-05-26,completed
256,169,2023-11-05,returned
257,86,2023-02-11,completed
258,37,2023-06-29,completed
259,168,2023-12-24,completed
260,34,2023-11-01,returned
261,22,2023-06-08,completed
262,165,2023-06-18,returned
263,172,2023-12-26,returned
264,190,2023-12-17,cancelled
265,24,2023-11-27,completed
266,131,2023-07-05,completed
267,80,2023-04-03,cancelled
268,88,2023-09-06,completed
269,36,2023-03-21,completed
270,26,2023-09-17,returned
271,190,2023-09-27,completed
272,87,2023-11-13,completed
273,97,2023-03-20,completed
274,178,2023-11-16,returned
275,43,2023-08-13,completed
276,94,2023-12-13,returned
277,114,2023-11-09,completed
278,192,2023-08-18,completed
279,62,2023-06-08,cancelled
280,121,2023-04-10,completed
281,147,2023-08-14,completed
282,73,2023-07-15,completed
283,108,2023-03-24,returned
284,155,2023-03-12,returned
285,14,2023-11-25,completed
286,96,2023-10-11,cancelled
287,183,2023-09-22,returned
288,73,2023-02-12,returned
289,70,2023-08-19,cancelled
290,38,2023-08-12,completed
291,57,2023-08-19,returned
292,7,2023-08-01,completed
293,129,2023-07-11,completed
294,21,2023-07-11,completed
295,82,2023-02-20,returned
296,167,2023-06-21,returned
297,36,2023-01-20,completed
298,121,2023-12-23,returned
299,195,2023-12-28,completed
300,158,2023-01-03,cancelled
301,5,2023-05-12,completed
302,39,2023-10-08,cancelled
303,156,2023-09-28,completed
304,199,2023-05-28,completed
305,32,2023-01-25,completed
306,164,2023-11-15,completed
307,29,2023-09-13,completed
308,5,2023-11-20,completed
309,62,2023-03-15,completed
310,1,2023-11-11,returned
311,147,2023-08-02,completed
312,172,2023-02-13,completed
313,93,2023-02-04,cancelled
314,140,2023-09-17,returned
315,130,2023-10-11,completed
316,121,2023-01-23,completed
317,96,2023-05-10,returned
318,92,2023-02-04,completed
319,188,2023-12-03,completed
320,198,2023-10-25,returned
321,86,2023-03-10,completed
322,140,2023-06-23,returned
323,45,2023-12-17,completed
324,179,2023-09-03,completed
325,35,2023-02-02,returned
326,118,2023-01-19,completed
327,12,2023-04-13,returned
328,81,2023-06-08,completed
329,140,2023-08-31,completed
330,193,2023-11-28,completed
331,92,2023-01-25,returned
332,85,2023-05-20,completed
333,95,2023-08-12,returned
334,191,2023-08-14,returned
335,99,2023-06-23,cancelled
336,128,2023-12-21,completed
337,133,2023-05-17,returned
338,187,2023-08-06,completed
339,155,2023-04-03,completed
340,83,2023-02-22,completed
341,170,2023-06-01,completed
342,155,2023-08-07,completed
343,114,2023-06-29,completed
344,187,2023-06-30,completed
345,112,2023-05-21,completed
346,15,2023-02-08,completed
347,104,2023-07-06,completed
348,192,2023-12-14,completed
349,8,2023-03-15,returned
350,174,2023-08-13,completed
351,18,2023-05-01,returned
352,94,2023-07-05,completed
353,146,2023-01-17,completed
354,174,2023-08-19,cancelled
355,96,2023-08-16,returned
356,147,2023-03-12,completed
357,102,2023-06-10,completed
358,64,2023-02-28,completed
359,48,2023-09-13,completed
360,144,2023-03-02,completed
361,67,2023-12-27,completed
362,157,2023-05-27,completed
363,126,2023-04-13,completed
364,19,2023-08-20,completed
365,183,2023-08-16,cancelled
366,175,2023-06-13,completed
367,182,2023-02-03,completed
368,75,2023-06-03,returned
369,183,2023-12-30,cancelled
370,164,2023-03-31,returned
371,131,2023-04-25,completed
372,52,2023-03-13,completed
373,127,2023-01-14,completed
374,147,2023-07-08,completed
375,142,2023-03-08,completed
376,23,2023-02-03,completed
377,184,2023-09-03,completed
378,197,2023-07-29,returned
379,19,2023-03-06,cancelled
380,165,2023-02-07,completed
381,175,2023-09-22,completed
382,200,2023-10-10,completed
383,47,2023-03-08,completed
384,15,2023-03-05,completed
385,78,2023-03-26,completed
386,182,2023-04-26,completed
387,133,2023-05-26,returned
388,65,2023-04-11,completed
389,142,2023-05-21,completed
390,78,2023-11-11,completed
391,129,2023-11-25,completed
392,149,2023-03-20,completed
393,160,2023-11-06,completed
394,145,2023-01-22,returned
395,8,2023-02-11,completed
396,165,2023-10-23,completed
397,54,2023-10-20,completed
398,164,2023-01-16,completed
399,161,2023-10-07,completed
400,78,2023-09-05,completed
401,176,2023-07-27,completed
402,19,2023-12-19,completed
403,113,2023-08-01,completed
404,53,2023-06-24,completed
405,81,2023-06-13,returned
406,89,2023-07-24,completed
407,95,2023-09-21,completed
408,82,2023-05-04,completed
409,69,2023-08-19,completed
410,25,2023-01-26,completed
411,99,2023-11-12,completed
412,41,2023-06-17,cancelled
413,185,2023-06-10,completed
414,41,2023-09-13,cancelled
415,120,2023-09-13,returned
416,128,2023-01-12,completed
417,101,2023-09-16,completed
418,62,2023-04-21,completed
419,13,2023-01-26,completed
420,153,2023-12-01,completed
421,74,2023-10-02,completed
422,28,2023-08-09,completed
423,68,2023-07-07,returned
424,94,2023-01-24,completed
425,146,2023-10-15,completed
426,142,2023-05-28,completed
427,130,2023-08-19,returned
428,72,2023-11-16,completed
429,31,2023-03-07,cancelled
430,101,2023-07-11,returned
431,87,2023-10-13,cancelled
432,194,2023-03-15,completed
433,131,2023-07-25,completed
434,12,2023-01-20,completed
435,86,2023-08-31,completed
436,39,2023-11-07,returned
437,36,2023-06-17,cancelled
438,82,2023-03-25,completed
439,158,2023-06-03,completed
440,130,2023-09-18,completed
441,182,2023-10-16,completed
442,5,2023-07-08,completed
443,29,2023-08-02,completed
444,186,2023-12-19,completed
445,153,2023-08-31,completed
446,168,2023-10-24,completed
447,185,2023-01-27,completed
448,44,2023-09-26,completed
449,159,2023-07-14,completed
450,175,2023-05-05,completed
451,180,2023-02-26,completed
452,113,2023-06-10,completed
453,106,2023-12-20,completed
454,129,2023-11-10,cancelled
455,189,2023-02-01,returned
456,133,2023-04-17,completed
457,170,2023-09-02,completed
458,81,2023-03-30,completed
459,137,2023-06-25,completed
460,174,2023-12-15,completed
461,178,2023-05-16,completed
462,50,2023-05-07,completed
463,77,2023-04-26,cancelled
464,77,2023-05-28,returned
465,177,2023-12-27,completed
466,123,2023-06-28,completed
467,185,2023-05-21,completed
468,147,2023-12-13,completed
469,102,2023-06-26,cancelled
470,38,2023-05-29,completed
471,183,2023-02-10,completed
472,114,2023-12-02,completed
473,123,2023-04-20,completed
474,138,2023-05-19,cancelled
475,179,2023-05-20,completed
476,158,2023-10-28,completed
477,13,2023-12-09,cancelled
478,58,2023-11-23,completed
479,26,2023-07-31,completed
480,121,2023-02-21,completed
481,36,2023-01-03,cancelled
482,41,2023-07-28,completed
483,122,2023-09-02,completed
484,194,2023-05-28,completed
485,166,2023-01-31,cancelled
486,23,2023-11-30,completed
487,137,2023-01-20,cancelled
488,45,2023-08-02,returned
489,46,2023-01-19,cancelled
490,102,2023-09-11,completed
491,192,2023-05-29,returned
492,3,2023-06-02,returned
493,28,2023-06-21,completed
494,165,2023-10-06,completed
495,35,2023-09-16,completed
496,50,2023-02-27,completed
497,188,2023-08-23,completed
498,184,2023-04-06,completed
499,87,2023-06-01,completed
500,194,2023-04-09,completed
501,164,2023-07-27,returned
502,132,2023-06-17,completed
503,172,2023-02-18,completed
504,36,2023-09-02,completed
505,64,2023-01-04,completed
506,61,2023-08-17,returned
507,85,2023-06-04,completed
508,147,2023-01-06,completed
509,93,2023-12-21,completed
510,171,2023-03-02,completed
511,41,2023-07-27,completed
512,181,2023-06-09,completed
513,164,2023-06-01,completed
514,57,2023-04-23,cancelled
515,123,2023-03-20,completed
516,156,2023-07-11,completed
517,141,2023-08-30,returned
518,171,2023-04-22,returned
519,175,2023-11-02,returned
520,21,2023-09-27,completed
521,181,2023-07-05,completed
522,145,2023-02-27,completed
523,141,2023-09-16,completed
524,138,2023-03-18,completed
525,134,2023-08-15,completed
526,53,2023-10-26,completed
527,131,2023-08-17,returned
528,117,2023-03-09,completed
529,117,2023-10-16,completed
530,119,2023-12-11,returned
531,186,2023-01-12,completed
532,1,2023-04-22,returned
533,12,2023-08-05,completed
534,17,2023-10-05,cancelled
535,18,2023-08-30,completed
536,105,2023-04-03,returned
537,197,2023-11-25,cancelled
538,166,2023-08-04,completed
539,98,2023-08-18,returned
540,97,2023-07-12,completed
541,170,2023-10-04,completed
542,90,2023-03-02,completed
543,138,2023-07-21,completed
544,187,2023-04-25,returned
545,194,2023-01-12,cancelled
546,119,2023-12-11,returned
547,109,2023-09-30,completed
548,59,2023-05-07,completed
549,40,2023-05-22,completed
550,186,2023-02-27,completed
551,170,2023-08-03,completed
552,5,2023-05-04,completed
553,26,2023-11-01,completed
554,154,2023-12-11,returned
555,13,2023-05-06,returned
556,103,2023-08-13,completed
557,56,2023-01-29,completed
558,75,2023-04-30,returned
559,188,2023-10-22,completed
560,154,2023-12-11,returned
561,61,2023-06-04,returned
562,170,2023-09-24,completed
563,77,2023-05-21,completed
564,152,2023-03-31,completed
565,110,2023-10-12,completed
566,89,2023-11-26,completed
567,135,2023-06-13,completed
568,105,2023-03-18,completed
569,48,2023-10-03,completed
570,58,2023-06-03,returned
571,37,2023-08-26,cancelled
572,144,2023-07-31,cancelled
573,143,2023-09-29,completed
574,63,2023-05-11,completed
575,166,2023-02-10,cancelled
576,95,2023-02-17,completed
577,49,2023-01-27,completed
578,173,2023-11-06,completed
579,19,2023-04-07,returned
580,151,2023-12-10,completed
581,123,2023-04-17,returned
582,86,2023-06-05,cancelled
583,4,2023-04-19,cancelled
584,190,2023-03-02,returned
585,194,2023-09-03,cancelled
586,179,2023-11-06,returned
587,102,2023-05-03,completed
588,199,2023-05-25,completed
589,137,2023-11-29,completed
590,67,2023-07-04,completed
591,128,2023-08-27,completed
592,185,2023-08-29,returned
593,82,2023-04-15,completed
594,106,2023-01-24,completed
595,57,2023-03-16,completed
596,142,2023-10-27,completed
597,107,2023-06-01,completed
598,85,2023-04-28,completed
599,63,2023-09-13,completed
600,176,2023-06-22,completed
601,126,2023-11-25,returned
602,118,2023-03-28,returned
603,91,2023-03-28,completed
604,140,2023-09-08,completed
605,139,2023-11-25,cancelled
606,135,2023-01-18,returned
607,20,2023-12-09,completed
608,2,2023-07-31,completed
609,162,2023-04-29,completed
610,39,2023-01-05,completed
611,117,2023-07-11,completed
612,164,2023-12-08,cancelled
613,124,2023-12-04,completed
614,2,2023-09-30,returned
615,4,2023-01-09,completed
616,71,2023-10-02,cancelled
617,5,2023-09-15,returned
618,173,2023-08-09,returned
619,46,2023-02-24,cancelled
620,135,2023-03-18,completed
621,159,2023-09-27,completed
622,91,2023-05-17,returned
623,21,2023-07-11,cancelled
624,118,2023-10-17,completed
625,179,2023-04-26,completed
626,21,2023-12-01,cancelled
627,167,2023-01-17,completed
628,98,2023-07-13,completed
629,15,2023-11-23,completed
630,44,2023-02-12,completed
631,112,2023-11-27,returned
632,145,2023-02-18,returned
633,11,2023-04-28,completed
634,178,2023-10-18,completed
635,12,2023-02-08,completed
636,72,2023-10-06,completed
637,9,2023-04-02,cancelled
638,81,2023-01-09,cancelled
639,151,2023-03-15,returned
640,183,2023-07-23,cancelled
641,77,2023-03-25,completed
642,146,2023-07-19,completed
643,139,2023-06-19,completed
644,190,2023-03-13,returned
645,177,2023-02-10,completed
646,89,2023-01-28,completed
647,60,2023-02-08,completed
648,197,2023-11-11,cancelled
649,102,2023-06-17,completed
650,70,2023-08-19,completed
651,92,2023-10-11,cancelled
652,111,2023-04-06,completed
653,170,2023-07-14,completed
654,159,2023-06-01,returned
655,183,2023-02-07,completed
656,40,2023-07-14,returned
657,163,2023-03-20,returned
658,82,2023-07-04,completed
659,2,2023-06-07,returned
660,195,2023-05-19,completed
661,23,2023-04-06,completed
662,143,2023-10-12,completed
663,27,2023-01-14,completed
664,142,2023-02-17,completed
665,84,2023-07-17,completed
666,106,2023-07-18,returned
667,186,2023-10-14,cancelled
668,63,2023-10-20,completed
669,176,2023-07-14,completed
670,69,2023-06-04,completed
671,38,2023-02-02,completed
672,71,2023-08-04,completed
673,20,2023-07-04,completed
674,64,2023-11-17,completed
675,158,2023-04-11,completed
676,35,2023-06-05,completed
677,102,2023-06-20,returned
678,98,2023-06-18,completed
679,111,2023-11-30,cancelled
680,35,2023-06-03,completed
681,178,2023-04-13,completed
682,46,2023-07-23,cancelled
683,75,2023-12-22,completed
684,148,2023-05-05,completed
685,72,2023-07-21,completed
686,145,2023-04-13,completed
687,140,2023-04-03,completed
688,141,2023-01-14,cancelled
689,119,2023-12-29,completed
690,75,2023-12-21,completed
691,105,2023-12-11,completed
692,163,2023-06-05,completed
693,169,2023-03-20,returned
694,97,2023-02-07,completed
695,154,2023-09-03,completed
696,137,2023-09-17,cancelled
697,178,2023-08-03,completed
698,93,2023-12-26,returned
699,138,2023-11-01,completed
700,22,2023-02-25,returned
701,169,2023-12-07,completed
702,166,2023-11-10,completed
703,166,2023-12-13,completed
704,193,2023-06-19,cancelled
705,111,2023-02-24,completed
706,67,2023-04-24,completed
707,133,2023-10-13,completed
708,148,2023-04-24,completed
709,101,2023-08-26,returned
710,151,2023-12-20,completed
711,89,2023-01-13,completed
712,76,2023-08-01,cancelled
713,22,2023-03-01,returned
714,187,2023-03-14,completed
715,88,2023-08-22,returned
716,134,2023-09-05,completed
717,25,2023-08-13,returned
718,116,2023-06-13,completed
719,12,2023-12-30,completed
720,88,2023-11-28,completed
721,43,2023-05-05,completed
722,142,2023-03-23,completed
723,110,2023-08-25,completed
724,104,2023-11-19,completed
725,164,2023-12-03,completed
726,8,2023-11-11,returned
727,116,2023-10-31,completed
728,2,2023-12-27,completed
729,72,2023-12-27,returned
730,17,2023-10-23,completed
731,138,2023-04-06,completed
732,51,2023-08-23,completed
733,172,2023-09-08,completed
734,164,2023-06-10,completed
735,157,2023-07-20,completed
736,90,2023-06-30,returned
737,159,2023-03-30,returned
738,181,2023-06-02,cancelled
739,152,2023-02-13,completed
740,81,2023-03-02,completed
741,30,2023-04-04,completed
742,37,2023-09-19,completed
743,153,2023-03-12,completed
744,109,2023-04-06,completed
745,138,2023-12-22,cancelled
746,45,2023-10-12,completed
747,74,2023-03-13,completed
748,116,2023-11-14,completed
749,92,2023-01-05,completed
750,50,2023-07-16,cancelled
751,130,2023-12-01,completed
752,176,2023-09-09,completed
753,114,2023-09-08,completed
754,145,2023-01-16,returned
755,57,2023-05-30,completed
756,58,2023-10-03,completed
757,200,2023-08-23,completed
758,198,2023-09-11,completed
759,29,2023-10-21,completed
760,199,2023-10-06,returned
761,94,2023-10-05,returned
762,11,2023-08-14,completed
763,109,2023-02-22,returned
764,168,2023-05-07,completed
765,9,2023-08-19,completed
766,23,2023-08-13,returned
767,31,2023-05-02,completed
768,189,2023-10-29,completed
769,182,2023-11-09,completed
770,43,2023-11-12,completed
771,53,2023-04-16,returned
772,146,2023-06-29,completed
773,153,2023-10-03,completed
774,181,2023-05-30,completed
775,69,2023-09-21,cancelled
776,174,2023-02-18,completed
777,193,2023-07-30,cancelled
778,71,2023-12-02,completed
779,34,2023-05-08,completed
780,83,2023-05-07,returned
781,174,2023-07-21,completed
782,148,2023-11-20,completed
783,107,2023-07-12,completed
784,163,2023-02-17,completed
785,192,2023-05-23,completed
786,95,2023-08-21,cancelled
787,84,2023-10-25,completed
788,199,2023-02-17,returned
789,118,2023-11-22,completed
790,92,2023-02-02,returned
791,102,2023-04-22,cancelled
792,55,2023-09-11,completed
793,73,2023-06-22,completed
794,34,2023-10-17,returned
795,88,2023-12-16,returned
796,12,2023-02-20,completed
797,118,2023-01-09,completed
798,41,2023-08-14,completed
799,110,2023-04-14,cancelled
800,34,2023-11-29,completed
801,71,2023-02-17,completed
802,65,2023-02-12,completed
803,167,2023-03-26,completed
804,161,2023-06-06,returned
805,194,2023-04-30,completed
806,24,2023-12-27,completed
807,55,2023-09-02,completed
808,152,2023-04-26,completed
809,114,2023-01-05,completed
810,88,2023-03-03,cancelled
811,109,2023-12-22,completed
812,19,2023-04-28,completed
813,188,2023-02-22,completed
814,95,2023-06-03,completed
815,199,2023-03-10,completed
816,174,2023-03-15,completed
817,145,2023-01-05,completed
818,43,2023-08-14,completed
819,55,2023-11-18,returned
820,106,2023-11-12,completed
821,56,2023-02-14,returned
822,36,2023-03-05,completed
823,99,2023-06-29,cancelled
824,81,2023-03-13,completed
825,166,2023-02-13,completed
826,154,2023-11-04,returned
827,73,2023-12-20,completed
828,169,2023-06-04,completed
829,156,2023-09-18,completed
830,101,2023-06-01,completed
831,62,2023-09-11,completed
832,62,2023-09-13,completed
833,19,2023-09-28,returned
834,4,2023-07-04,cancelled
835,34,2023-07-18,returned
836,146,2023-08-04,completed
837,175,2023-03-30,returned
838,198,2023-02-07,completed
839,18,2023-01-08,completed
840,11,2023-01-31,cancelled
841,102,2023-09-17,completed
842,183,2023-09-14,returned
843,109,2023-12-26,completed
844,164,2023-10-02,completed
845,40,2023-05-23,completed
846,21,2023-09-19,cancelled
847,40,2023-10-02,completed
848,151,2023-11-21,returned
849,167,2023-12-15,completed
850,80,2023-12-24,completed
851,62,2023-01-30,completed
852,112,2023-03-01,completed
853,156,2023-01-29,completed
854,190,2023-12-03,returned
855,31,2023-01-07,returned
856,180,2023-01-06,completed
857,89,2023-09-25,completed
858,185,2023-05-13,completed
859,33,2023-05-18,returned
860,31,2023-01-16,completed
861,110,2023-05-20,completed
862,68,2023-12-31,cancelled
863,161,2023-02-09,completed
864,131,2023-07-04,completed
865,146,2023-03-27,completed
866,66,2023-02-22,returned
867,173,2023-03-01,completed
868,131,2023-01-02,completed
869,4,2023-05-06,completed
870,94,2023-07-16,cancelled
871,46,2023-01-19,completed
872,183,2023-12-02,completed
873,83,2023-05-08,completed
874,185,2023-06-13,completed
875,20,2023-10-20,completed
876,129,2023-12-11,cancelled
877,46,2023-04-25,returned
878,12,2023-07-25,completed
879,120,2023-05-25,returned
880,80,2023-06-17,completed
881,117,2023-01-05,completed
882,75,2023-10-16,returned
883,190,2023-11-15,completed
884,95,2023-10-30,cancelled
885,198,2023-04-11,returned
886,140,2023-05-06,completed
887,105,2023-01-13,completed
888,89,2023-11-22,returned
889,3,2023-06-21,completed
890,169,2023-07-12,returned
891,187,2023-06-07,completed
892,136,2023-05-02,completed
893,16,2023-03-14,returned
894,24,2023-01-23,cancelled
895,134,2023-07-31,returned
896,96,2023-08-23,cancelled
897,22,2023-10-25,completed
898,35,2023-11-23,returned
899,20,2023-10-31,completed
900,112,2023-12-06,cancelled
901,61,2023-05-30,completed
902,81,2023-07-21,returned
903,189,2023-06-17,completed
904,70,2023-04-30,completed
905,52,2023-03-11,returned
906,150,2023-02-25,completed
907,43,2023-08-19,completed
908,105,2023-03-03,completed
909,198,2023-04-17,completed
910,119,2023-05-16,returned
911,24,2023-03-22,returned
912,78,2023-12-27,completed
913,11,2023-04-21,returned
914,84,2023-03-17,completed
915,64,2023-07-02,completed
916,13,2023-12-13,completed
917,45,2023-01-16,cancelled
918,116,2023-10-12,returned
919,64,2023-02-18,completed
920,36,2023-03-04,completed
921,200,2023-04-24,completed
922,103,2023-07-10,completed
923,166,2023-02-13,completed
924,67,2023-02-08,completed
925,17,2023-04-12,cancelled
926,114,2023-03-07,completed
927,85,2023-03-04,completed
928,119,2023-01-26,completed
929,147,2023-08-10,returned
930,102,2023-09-12,completed
931,175,2023-08-07,completed
932,55,2023-04-06,completed
933,115,2023-03-18,completed
934,159,2023-11-12,completed
935,76,2023-09-13,completed
936,141,2023-09-03,completed
937,72,2023-07-16,completed
938,52,2023-11-26,returned
939,135,2023-05-08,completed
940,140,2023-01-10,cancelled
941,183,2023-07-03,completed
942,125,2023-06-26,cancelled
943,129,2023-06-14,completed
944,47,2023-01-14,completed
945,57,2023-01-16,returned
946,200,2023-05-24,completed
947,121,2023-09-29,completed
948,150,2023-04-30,cancelled
949,26,2023-05-07,completed
950,69,2023-10-01,returned
951,189,2023-01-29,returned
952,57,2023-10-22,returned
953,100,2023-07-01,cancelled
954,45,2023-04-01,completed
955,82,2023-12-24,completed
956,152,2023-01-15,returned
957,91,2023-10-18,completed
958,145,2023-04-07,returned
959,127,2023-10-05,completed
960,126,2023-01-20,completed
961,60,2023-11-05,completed
962,135,2023-09-02,completed
963,158,2023-04-14,returned
964,88,2023-04-01,cancelled
965,83,2023-01-31,completed
966,151,2023-12-27,cancelled
967,199,2023-02-26,returned
968,94,2023-02-07,completed
969,170,2023-07-22,completed
970,87,2023-06-04,completed
971,41,2023-08-12,returned
972,125,2023-11-29,completed
973,182,2023-10-15,completed
974,158,2023-07-02,completed
975,151,2023-03-31,completed
976,188,2023-12-19,completed
977,46,2023-01-01,cancelled
978,147,2023-07-20,returned
979,198,2023-10-18,completed
980,155,2023-06-12,cancelled
981,157,2023-04-24,completed
982,27,2023-09-12,completed
983,191,2023-02-09,completed
984,82,2023-03-27,completed
985,23,2023-12-29,completed
986,187,2023-06-21,completed
987,68,2023-04-18,completed
988,18,2023-06-29,completed
989,28,2023-01-01,completed
990,113,2023-08-03,cancelled
991,106,2023-09-10,returned
992,90,2023-10-07,completed
993,123,2023-10-23,completed
994,176,2023-04-26,completed
995,19,2023-01-18,completed
996,82,2023-05-14,cancelled
997,19,2023-06-25,completed
998,97,2023-03-24,returned
999,141,2023-02-17,completed
1000,158,2023-09-05,returned
1001,111,2023-12-01,completed
1002,112,2023-03-22,completed
1003,85,2023-04-16,cancelled
1004,105,2023-12-23,completed
1005,187,2023-10-04,completed
1006,73,2023-06-02,completed
1007,13,2023-07-21,completed
1008,126,2023-03-20,completed
1009,1,2023-08-07,completed
1010,170,2023-11-17,completed
1011,52,2023-02-19,completed
1012,44,2023-11-23,completed
1013,21,2023-08-31,returned
1014,79,2023-07-23,completed
1015,170,2023-05-16,completed
1016,140,2023-07-18,completed
1017,98,2023-07-09,completed
1018,12,2023-05-15,completed
1019,68,2023-04-26,returned
1020,145,2023-02-01,completed
1021,179,2023-12-08,completed
1022,172,2023-06-26,returned
1023,106,2023-10-29,completed
1024,16,2023-07-18,returned
1025,108,2023-10-02,completed
1026,122,2023-10-21,returned
1027,122,2023-06-03,completed
1028,183,2023-01-18,completed
1029,133,2023-10-20,completed
1030,159,2023-03-17,completed
1031,194,2023-08-18,completed
1032,43,2023-04-19,returned
1033,33,2023-01-22,completed
1034,175,2023-08-11,completed
1035,161,2023-03-17,returned
1036,67,2023-06-13,cancelled
1037,18,2023-02-14,completed
1038,102,2023-10-10,completed
1039,71,2023-09-24,completed
1040,4,2023-12-25,completed
1041,134,2023-08-03,completed
1042,39,2023-03-17,completed
1043,150,2023-02-21,cancelled
1044,145,2023-02-21,returned
1045,138,2023-06-26,returned
1046,68,2023-07-16,completed
1047,147,2023-11-08,completed
1048,45,2023-05-22,completed
1049,159,2023-11-08,completed
1050,103,2023-01-20,completed
1051,85,2023-12-20,completed
1052,191,2023-09-01,cancelled
1053,96,2023-01-11,completed
1054,78,2023-06-09,completed
1055,126,2023-12-23,completed
1056,59,2023-03-10,completed
1057,191,2023-08-15,returned
1058,83,2023-05-18,returned
1059,155,2023-11-27,completed
1060,114,2023-04-19,cancelled
1061,105,2023-09-06,returned
1062,96,2023-01-29,completed
1063,41,2023-02-03,completed
1064,130,2023-07-26,completed
1065,135,2023-10-19,completed
1066,50,2023-04-13,returned
1067,64,2023-01-17,completed
1068,93,2023-12-27,completed
1069,95,2023-08-26,completed
1070,163,2023-03-05,completed
1071,62,2023-07-10,completed
1072,115,2023-04-01,cancelled
1073,122,2023-10-28,completed
1074,89,2023-03-25,returned
1075,67,2023-12-19,completed
1076,8,2023-07-17,completed
1077,147,2023-04-20,returned
1078,166,2023-04-26,completed
1079,69,2023-11-30,completed
1080,6,2023-12-16,completed
1081,34,2023-11-28,completed
1082,3,2023-04-25,completed
1083,79,2023-12-31,cancelled
1084,165,2023-05-21,completed
1085,97,2023-06-28,completed
1086,56,2023-08-27,completed
1087,134,2023-11-16,completed
1088,27,2023-01-04,completed
1089,170,2023-07-11,completed
1090,153,2023-11-08,completed
1091,176,2023-02-25,completed
1092,87,2023-05-22,completed
1093,71,2023-05-14,completed
1094,167,2023-06-02,completed
1095,133,2023-05-04,returned
1096,154,2023-07-26,completed
1097,175,2023-03-13,returned
1098,168,2023-09-12,cancelled
1099,67,2023-08-03,completed
1100,189,2023-01-19,completed
1101,147,2023-04-08,completed
1102,183,2023-04-24,completed
1103,164,2023-09-01,cancelled
1104,172,2023-07-03,completed
1105,44,2023-12-03,returned
1106,47,2023-05-31,completed
1107,33,2023-05-13,returned
1108,144,2023-04-04,cancelled
1109,86,2023-12-02,completed
1110,91,2023-04-25,returned
1111,79,2023-08-04,returned
1112,85,2023-07-10,completed
1113,76,2023-08-26,returned
1114,121,2023-01-28,returned
1115,150,2023-10-25,cancelled
1116,19,2023-08-30,returned
1117,129,2023-03-03,returned
1118,98,2023-09-29,completed
1119,14,2023-03-19,completed
1120,52,2023-06-25,completed
1121,146,2023-08-23,completed
1122,184,2023-04-03,returned
1123,125,2023-06-20,completed
1124,46,2023-06-10,completed
1125,2,2023-08-20,completed
1126,195,2023-03-28,completed
1127,41,2023-09-08,returned
1128,200,2023-02-15,completed
1129,112,2023-11-21,completed
1130,110,2023-09-02,completed
1131,10,2023-10-01,completed
1132,96,2023-01-08,returned
1133,194,2023-09-29,completed
1134,174,2023-01-03,completed
1135,64,2023-04-26,completed
1136,89,2023-06-09,completed
1137,99,2023-09-15,completed
1138,43,2023-02-03,returned
1139,77,2023-05-29,completed
1140,134,2023-11-02,completed
1141,112,2023-12-18,cancelled
1142,88,2023-09-08,completed
1143,49,2023-03-26,cancelled
1144,104,2023-01-10,completed
1145,187,2023-03-09,completed
1146,6,2023-10-29,completed
1147,32,2023-07-07,returned
1148,10,2023-07-12,returned
1149,66,2023-10-01,completed
1150,153,2023-01-25,completed
1151,168,2023-01-11,completed
1152,30,2023-08-02,completed
1153,32,2023-10-08,completed
1154,180,2023-03-20,completed
1155,176,2023-11-19,completed
1156,108,2023-12-05,completed
1157,134,2023-05-19,completed
1158,180,2023-03-12,completed
1159,27,2023-09-19,returned
1160,31,2023-05-25,completed
1161,28,2023-09-12,completed
1162,52,2023-05-15,returned
1163,52,2023-07-03,returned
1164,76,2023-03-24,completed
1165,128,2023-04-17,completed
1166,124,2023-06-19,completed
1167,4,2023-12-10,completed
1168,29,2023-10-21,completed
1169,39,2023-02-16,returned
1170,20,2023-02-21,cancelled
1171,165,2023-04-29,completed
1172,76,2023-05-16,completed
1173,26,2023-03-31,returned
1174,75,2023-07-04,returned
1175,81,2023-08-07,returned
1176,25,2023-01-24,completed
1177,36,2023-12-06,completed
1178,85,2023-07-03,returned
1179,160,2023-05-18,returned
1180,24,2023-07-10,returned
1181,47,2023-02-28,completed
1182,117,2023-05-20,returned
1183,177,2023-09-02,returned
1184,167,2023-03-27,completed
1185,179,2023-01-31,cancelled
1186,41,2023-02-23,completed
1187,152,2023-09-05,returned
1188,174,2023-08-13,completed
1189,98,2023-07-03,completed
1190,176,2023-03-08,completed
1191,125,2023-02-27,returned
1192,113,2023-01-24,completed
1193,168,2023-06-10,completed
1194,174,2023-09-26,returned
1195,148,2023-10-17,completed
1196,172,2023-06-23,completed
1197,177,2023-12-25,completed
1198,111,2023-12-05,returned
1199,124,2023-06-27,completed
1200,165,2023-07-17,completed
1201,143,2023-11-10,completed
1202,165,2023-03-22,completed
1203,121,2023-09-11,returned
1204,20,2023-09-09,completed
1205,85,2023-05-23,completed
1206,58,2023-10-09,completed
1207,104,2023-05-01,completed
1208,114,2023-10-21,completed
1209,128,2023-08-17,completed
1210,128,2023-12-01,completed
1211,104,2023-07-31,completed
1212,141,2023-01-01,returned
1213,155,2023-11-13,completed
1214,131,2023-10-15,completed
1215,172,2023-08-22,cancelled
1216,94,2023-01-28,returned
1217,117,2023-06-19,completed
1218,159,2023-11-04,completed
1219,169,2023-07-06,returned
1220,30,2023-02-19,returned
1221,57,2023-01-02,completed
1222,163,2023-05-30,completed
1223,96,2023-12-26,completed
1224,43,2023-09-10,completed
1225,184,2023-07-29,completed
1226,157,2023-04-11,completed
1227,101,2023-04-21,completed
1228,49,2023-06-23,completed
1229,107,2023-01-24,cancelled
1230,173,2023-10-29,completed
1231,116,2023-08-23,completed
1232,130,2023-03-10,cancelled
1233,2,2023-09-29,returned
1234,142,2023-08-10,returned
1235,124,2023-09-18,returned
1236,46,2023-12-21,completed
1237,188,2023-03-07,completed
1238,169,2023-11-04,completed
1239,83,2023-09-16,returned
1240,108,2023-11-08,cancelled
1241,196,2023-05-08,completed
1242,88,2023-05-31,completed
1243,35,2023-03-12,completed
1244,180,2023-09-20,completed
1245,180,2023-10-08,returned
1246,183,2023-10-11,completed
1247,52,2023-04-18,completed
1248,75,2023-12-18,completed
1249,173,2023-03-09,cancelled
1250,167,2023-04-02,completed
1251,178,2023-11-23,completed
1252,30,2023-06-30,completed
1253,150,2023-10-20,cancelled
1254,182,2023-08-02,completed
1255,137,2023-05-27,returned
1256,109,2023-01-07,completed
1257,7,2023-07-15,completed
1258,172,2023-01-29,completed
1259,193,2023-03-24,cancelled
1260,175,2023-05-09,completed
1261,16,2023-12-20,returned
1262,53,2023-10-05,completed
1263,116,2023-02-22,completed
1264,173,2023-10-15,returned
1265,191,2023-11-28,completed
1266,61,2023-09-19,returned
1267,179,2023-05-28,completed
1268,13,2023-07-15,completed
1269,176,2023-06-10,cancelled
1270,14,2023-01-07,returned
1271,52,2023-11-14,returned
1272,114,2023-04-26,cancelled
1273,181,2023-12-30,completed
1274,194,2023-10-29,completed
1275,155,2023-04-11,returned
1276,50,2023-05-31,completed
1277,175,2023-02-08,completed
1278,45,2023-09-21,completed
1279,11,2023-08-08,completed
1280,68,2023-03-08,completed
1281,66,2023-01-03,completed
1282,182,2023-03-21,completed
1283,83,2023-11-02,completed
1284,161,2023-11-12,returned
1285,78,2023-09-09,returned
1286,141,2023-07-03,completed
1287,182,2023-06-12,completed
1288,48,2023-09-24,completed
1289,130,2023-03-23,completed
1290,138,2023-07-26,completed
1291,57,2023-04-20,completed
1292,85,2023-07-04,completed
1293,193,2023-11-13,completed
1294,144,2023-11-29,completed
1295,172,2023-06-27,completed
1296,165,2023-11-11,cancelled
1297,63,2023-01-21,completed
1298,83,2023-07-15,cancelled
1299,30,2023-07-17,completed
1300,186,2023-05-25,completed
1301,133,2023-07-11,completed
1302,131,2023-08-17,completed
1303,76,2023-11-30,completed
1304,132,2023-02-12,cancelled
1305,43,2023-10-03,completed
1306,161,2023-02-03,completed
1307,162,2023-04-20,returned
1308,109,2023-02-23,completed
1309,180,2023-08-11,completed
1310,19,2023-12-18,completed
1311,118,2023-06-19,completed
1312,19,2023-01-28,completed
1313,65,2023-10-13,completed
1314,59,2023-05-13,completed
1315,116,2023-11-19,completed
1316,81,2023-01-09,completed
1317,31,2023-10-01,completed
1318,185,2023-11-13,completed
1319,191,2023-10-27,completed
1320,19,2023-07-03,cancelled
1321,28,2023-05-29,returned
1322,78,2023-11-07,completed
1323,196,2023-08-13,completed
1324,170,2023-01-16,completed
1325,137,2023-04-23,completed
1326,101,2023-10-07,completed
1327,163,2023-03-15,completed
1328,187,2023-11-28,completed
1329,3,2023-10-11,returned
1330,37,2023-03-05,completed
1331,147,2023-11-02,completed
1332,141,2023-02-13,completed
1333,192,2023-06-26,completed
1334,166,2023-09-20,completed
1335,48,2023-04-24,completed
1336,65,2023-04-10,completed
1337,172,2023-10-18,returned
1338,193,2023-10-09,completed
1339,141,2023-02-07,completed
1340,18,2023-05-09,completed
1341,186,2023-10-25,completed
1342,85,2023-07-02,completed
1343,168,2023-05-01,completed
1344,159,2023-02-05,cancelled
1345,82,2023-09-06,completed
1346,158,2023-12-04,completed
1347,150,2023-03-20,completed
1348,94,2023-06-11,cancelled
1349,44,2023-01-03,completed
1350,57,2023-12-31,returned
1351,112,2023-05-22,returned
1352,35,2023-12-14,returned
1353,123,2023-08-25,completed
1354,199,2023-06-06,completed
1355,28,2023-03-31,completed
1356,21,2023-05-24,returned
1357,36,2023-10-03,completed
1358,188,2023-11-17,completed
1359,20,2023-01-10,returned
1360,162,2023-01-16,returned
1361,149,2023-07-27,returned
1362,55,2023-01-19,completed
1363,140,2023-10-04,completed
1364,199,2023-03-18,completed
1365,58,2023-10-29,returned
1366,75,2023-03-10,completed
1367,131,2023-02-16,completed
1368,129,2023-01-06,completed
1369,158,2023-12-17,completed
1370,132,2023-03-13,completed
1371,46,2023-10-17,cancelled
1372,169,2023-03-16,returned
1373,124,2023-07-03,completed
1374,195,2023-09-07,completed
1375,68,2023-07-09,completed
1376,172,2023-04-16,completed
1377,93,2023-07-18,completed
1378,117,2023-01-24,completed
1379,167,2023-06-15,completed
1380,134,2023-11-21,returned
1381,190,2023-05-15,completed
1382,146,2023-03-31,completed
1383,97,2023-07-07,completed
1384,20,2023-09-22,completed
1385,58,2023-09-22,completed
1386,89,2023-09-07,returned
1387,155,2023-01-04,completed
1388,36,2023-08-14,completed
1389,20,2023-09-21,completed
1390,55,2023-03-18,completed
1391,93,2023-11-05,returned
1392,31,2023-12-05,completed
1393,85,2023-02-28,completed
1394,123,2023-09-03,completed
1395,42,2023-11-28,returned
1396,6,2023-05-05,completed
1397,147,2023-10-31,completed
1398,162,2023-09-20,completed
1399,147,2023-03-17,completed
1400,67,2023-04-03,completed
1401,104,2023-11-03,cancelled
1402,164,2023-01-10,returned
1403,187,2023-12-05,returned
1404,22,2023-04-21,completed
1405,121,2023-09-04,completed
1406,106,2023-11-04,completed
1407,150,2023-04-04,completed
1408,131,2023-05-16,completed
1409,176,2023-06-25,cancelled
1410,153,2023-10-30,completed
1411,97,2023-07-17,completed
1412,5,2023-04-14,completed
1413,130,2023-12-17,completed
1414,39,2023-11-07,completed
1415,122,2023-11-11,completed
1416,137,2023-09-15,returned
1417,24,2023-09-04,completed
1418,155,2023-10-04,returned
1419,199,2023-12-14,completed
1420,134,2023-08-04,completed
1421,12,2023-12-24,completed
1422,59,2023-09-04,returned
1423,98,2023-06-29,completed
1424,190,2023-12-23,completed
1425,109,2023-03-10,completed
1426,197,2023-04-30,cancelled
1427,22,2023-05-26,completed
1428,140,2023-07-29,completed
1429,2,2023-12-30,returned
1430,2,2023-10-23,returned
1431,134,2023-01-04,completed
1432,53,2023-12-19,returned
1433,105,2023-07-05,completed
1434,110,2023-11-30,completed
1435,67,2023-10-02,completed
1436,94,2023-11-10,completed
1437,175,2023-07-23,returned
1438,106,2023-10-10,returned
1439,124,2023-04-02,completed
1440,143,2023-09-05,completed
1441,79,2023-10-23,completed
1442,181,2023-07-23,returned
1443,169,2023-03-02,returned
1444,115,2023-12-25,cancelled
1445,26,2023-04-20,completed
1446,87,2023-10-09,completed
1447,176,2023-12-28,completed
1448,100,2023-11-22,completed
1449,24,2023-03-16,completed
1450,154,2023-08-11,completed
1451,68,2023-04-24,completed
1452,156,2023-01-20,returned
1453,103,2023-11-11,completed
1454,74,2023-12-31,cancelled
1455,15,2023-03-31,completed
1456,113,2023-01-06,completed
1457,169,2023-09-23,completed
1458,9,2023-11-03,completed
1459,179,2023-04-29,completed
1460,173,2023-01-19,completed
1461,168,2023-01-01,cancelled
1462,23,2023-05-22,returned
1463,91,2023-12-09,completed
1464,151,2023-04-13,completed
1465,189,2023-12-27,completed
1466,24,2023-10-09,completed
1467,144,2023-10-26,completed
1468,71,2023-04-26,completed
1469,50,2023-08-21,cancelled
1470,148,2023-01-03,completed
1471,105,2023-09-17,completed
1472,19,2023-09-15,completed
1473,30,2023-09-20,cancelled
1474,138,2023-10-22,completed
1475,114,2023-07-13,completed
1476,198,2023-05-05,returned
1477,199,2023-08-23,completed
1478,151,2023-01-15,completed
1479,67,2023-02-04,completed
1480,57,2023-12-13,returned
1481,81,2023-07-31,cancelled
1482,133,2023-10-02,completed
1483,68,2023-05-08,completed
1484,103,2023-12-11,returned
1485,88,2023-02-08,completed
1486,46,2023-09-01,completed
1487,56,2023-10-21,completed
1488,192,2023-12-16,cancelled
1489,49,2023-09-13,returned
1490,61,2023-05-04,returned
1491,53,2023-04-28,completed
1492,64,2023-11-13,completed
1493,200,2023-02-24,completed
1494,21,2023-12-13,cancelled
1495,127,2023-11-11,completed
1496,139,2023-01-22,returned
1497,96,2023-11-14,completed
1498,148,2023-05-21,completed
1499,196,2023-09-19,completed
1500,57,2023-10-23,completed
1501,135,2023-08-05,completed
1502,139,2023-01-17,completed
1503,101,2023-12-18,returned
1504,118,2023-03-03,completed
1505,118,2023-06-11,completed
1506,4,2023-12-12,completed
1507,149,2023-02-21,completed
1508,157,2023-05-13,completed
1509,68,2023-05-02,completed
1510,157,2023-06-25,completed
1511,128,2023-08-06,completed
1512,180,2023-07-10,completed
1513,103,2023-05-24,completed
1514,147,2023-03-09,cancelled
1515,176,2023-04-28,returned
1516,185,2023-05-19,returned
1517,143,2023-08-10,returned
1518,51,2023-03-16,returned
1519,190,2023-03-18,completed
1520,3,2023-04-01,returned
1521,35,2023-11-19,completed
1522,185,2023-06-11,returned
1523,77,2023-05-09,completed
1524,146,2023-01-25,completed
1525,177,2023-03-25,completed
1526,66,2023-09-01,returned
1527,25,2023-08-19,returned
1528,67,2023-07-04,completed
1529,143,2023-05-12,completed
1530,106,2023-03-04,completed
1531,174,2023-11-07,completed
1532,148,2023-11-29,completed
1533,45,2023-05-26,completed
1534,173,2023-09-19,completed
1535,189,2023-08-17,returned
1536,98,2023-11-11,completed
1537,162,2023-03-16,returned
1538,164,2023-06-22,completed
1539,157,2023-10-20,completed
1540,19,2023-02-10,completed
1541,59,2023-06-10,completed
1542,75,2023-12-30,completed
1543,166,2023-07-22,completed
1544,114,2023-07-05,returned
1545,134,2023-08-19,completed
1546,48,2023-01-12,completed
1547,61,2023-12-05,completed
1548,191,2023-12-25,returned
1549,54,2023-03-27,completed
1550,25,2023-02-02,cancelled
1551,122,2023-10-08,completed
1552,198,2023-07-23,completed
1553,22,2023-02-23,completed
1554,40,2023-02-13,completed
1555,100,2023-06-08,completed
1556,189,2023-05-26,completed
1557,33,2023-03-09,completed
1558,44,2023-01-15,completed
1559,92,2023-06-16,returned
1560,120,2023-10-04,cancelled
1561,141,2023-08-16,completed
1562,179,2023-10-04,completed
1563,153,2023-08-22,completed
1564,163,2023-10-16,completed
1565,164,2023-11-24,completed
1566,89,2023-09-04,completed
1567,23,2023-08-15,completed
1568,106,2023-05-14,completed
1569,3,2023-01-01,returned
1570,195,2023-03-11,completed
1571,121,2023-10-01,completed
1572,126,2023-09-02,completed
1573,197,2023-08-09,returned
1574,153,2023-04-29,returned
1575,141,2023-07-11,completed
1576,144,2023-08-12,completed
1577,42,2023-11-27,completed
1578,97,2023-04-23,completed
1579,109,2023-11-17,completed
1580,196,2023-11-10,returned
1581,176,2023-05-20,completed
1582,191,2023-09-30,returned
1583,106,2023-04-07,returned
1584,47,2023-03-11,completed
1585,164,2023-08-22,completed
1586,70,2023-12-25,completed
1587,49,2023-06-14,completed
1588,13,2023-10-01,completed
1589,27,2023-05-25,completed
1590,184,2023-08-13,returned
1591,60,2023-02-16,completed
1592,127,2023-04-22,completed
1593,80,2023-09-13,cancelled
1594,119,2023-12-23,returned
1595,85,2023-02-11,returned
1596,38,2023-01-29,completed
1597,101,2023-02-06,completed
1598,47,2023-04-09,returned
1599,65,2023-07-15,returned
1600,32,2023-05-08,completed
1601,114,2023-05-07,returned
1602,9,2023-04-12,completed
1603,198,2023-02-18,completed
1604,54,2023-08-31,completed
1605,80,2023-06-15,completed
1606,187,2023-01-22,returned
1607,141,2023-09-24,completed
1608,124,2023-11-23,completed
1609,93,2023-01-27,returned
1610,56,2023-02-27,completed
1611,112,2023-06-16,completed
1612,71,2023-10-27,completed
1613,63,2023-01-05,cancelled
1614,149,2023-12-20,completed
1615,153,2023-03-21,completed
1616,23,2023-05-08,completed
1617,24,2023-12-18,completed
1618,195,2023-11-17,completed
1619,92,2023-11-27,completed
1620,138,2023-02-24,completed
1621,60,2023-06-12,cancelled
1622,166,2023-06-27,returned
1623,113,2023-04-09,completed
1624,97,2023-07-03,returned
1625,65,2023-01-21,completed
1626,113,2023-10-14,completed
1627,179,2023-09-08,completed
1628,48,2023-10-06,completed
1629,188,2023-08-28,completed
1630,154,2023-10-11,completed
1631,136,2023-03-21,completed
1632,68,2023-10-05,completed
1633,1,2023-11-23,returned
1634,188,2023-04-05,returned
1635,159,2023-07-06,returned
1636,62,2023-06-14,returned
1637,169,2023-10-03,returned
1638,49,2023-09-26,completed
1639,197,2023-10-10,completed
1640,73,2023-06-15,completed
1641,83,2023-02-26,completed
1642,169,2023-02-04,completed
1643,34,2023-04-02,returned
1644,52,2023-02-24,completed
1645,26,2023-01-17,completed
1646,100,2023-12-03,completed
1647,160,2023-12-26,completed
1648,13,2023-07-07,completed
1649,184,2023-02-06,completed
1650,54,2023-12-02,completed
1651,21,2023-08-28,returned
1652,16,2023-07-04,completed
1653,107,2023-07-08,returned
1654,15,2023-11-12,completed
1655,11,2023-02-06,returned
1656,20,2023-04-21,cancelled
1657,25,2023-02-21,returned
1658,137,2023-07-17,completed
1659,135,2023-12-03,completed
1660,161,2023-04-02,completed
1661,143,2023-08-01,returned
1662,197,2023-11-23,completed
1663,173,2023-08-23,returned
1664,110,2023-02-23,completed
1665,47,2023-10-09,completed
1666,87,2023-12-03,completed
1667,154,2023-08-15,cancelled
1668,81,2023-10-09,cancelled
1669,84,2023-07-10,completed
1670,163,2023-08-09,returned
1671,83,2023-11-08,completed
1672,140,2023-04-20,completed
1673,141,2023-05-11,completed
1674,116,2023-08-18,cancelled
1675,1,2023-01-18,cancelled
1676,153,2023-01-09,completed
1677,78,2023-01-04,completed
1678,57,2023-04-20,returned
1679,6,2023-12-20,returned
1680,142,2023-09-19,completed
1681,147,2023-03-21,completed
1682,118,2023-07-02,completed
1683,68,2023-07-07,returned
1684,64,2023-04-30,completed
1685,77,2023-02-17,completed
1686,146,2023-04-22,returned
1687,186,2023-06-16,returned
1688,45,2023-09-07,returned
1689,177,2023-12-26,completed
1690,25,2023-11-01,completed
1691,10,2023-10-23,completed
1692,200,2023-01-29,cancelled
1693,86,2023-06-28,returned
1694,112,2023-08-02,cancelled
1695,31,2023-04-27,returned
1696,155,2023-01-06,completed
1697,162,2023-07-15,completed
1698,135,2023-01-22,completed
1699,145,2023-03-18,completed
1700,179,2023-04-24,completed
1701,173,2023-07-21,cancelled
1702,193,2023-11-01,completed
1703,24,2023-04-24,completed
1704,101,2023-03-17,completed
1705,22,2023-09-01,completed
1706,13,2023-10-08,completed
1707,22,2023-07-24,completed
1708,199,2023-12-24,completed
1709,35,2023-09-04,completed
1710,125,2023-07-22,completed
1711,51,2023-10-15,completed
1712,189,2023-09-26,completed
1713,19,2023-05-17,returned
1714,83,2023-12-17,cancelled
1715,23,2023-02-27,completed
1716,109,2023-07-07,completed
1717,83,2023-06-26,completed
1718,7,2023-06-06,completed
1719,90,2023-11-12,returned
1720,114,2023-11-16,completed
1721,12,2023-04-30,completed
1722,96,2023-03-21,returned
1723,22,2023-02-27,returned
1724,63,2023-11-14,cancelled
1725,74,2023-01-08,completed
1726,29,2023-06-06,completed
1727,6,2023-06-19,completed
1728,138,2023-04-19,completed
1729,134,2023-05-13,completed
1730,160,2023-03-14,completed
1731,172,2023-01-10,completed
1732,170,2023-09-27,completed
1733,44,2023-01-31,completed
1734,179,2023-11-13,completed
1735,120,2023-12-02,cancelled
1736,18,2023-07-18,completed
1737,170,2023-12-04,completed
1738,28,2023-01-10,completed
1739,167,2023-07-17,completed
1740,98,2023-09-18,cancelled
1741,26,2023-06-11,completed
1742,153,2023-09-30,completed
1743,51,2023-09-14,cancelled
1744,144,2023-12-31,completed
1745,64,2023-09-29,completed
1746,126,2023-07-21,returned
1747,5,2023-06-27,completed
1748,91,2023-11-17,completed
1749,129,2023-05-22,returned
1750,161,2023-05-12,returned
1751,8,2023-10-12,cancelled
1752,58,2023-03-19,completed
1753,101,2023-12-03,completed
1754,187,2023-07-15,completed
1755,174,2023-11-10,returned
1756,176,2023-04-27,completed
1757,147,2023-03-20,completed
1758,80,2023-11-06,completed
1759,139,2023-03-09,completed
1760,36,2023-10-25,completed
1761,52,2023-03-12,completed
1762,181,2023-09-26,cancelled
1763,111,2023-03-16,completed
1764,145,2023-03-22,completed
1765,143,2023-09-30,cancelled
1766,31,2023-04-05,completed
1767,38,2023-01-16,returned
1768,106,2023-07-30,completed
1769,191,2023-11-23,cancelled
1770,71,2023-03-19,returned
1771,28,2023-03-09,completed
1772,196,2023-11-10,completed
1773,156,2023-10-18,completed
1774,153,2023-04-29,completed
1775,7,2023-07-03,completed
1776,200,2023-09-02,completed
1777,155,2023-08-29,returned
1778,96,2023-04-05,returned
1779,126,2023-08-31,completed
1780,50,2023-04-26,completed
1781,196,2023-01-08,cancelled
1782,106,2023-04-24,returned
1783,52,2023-04-15,completed
1784,113,2023-11-12,completed
1785,84,2023-08-23,returned
1786,110,2023-07-27,returned
1787,156,2023-07-14,returned
1788,101,2023-11-10,cancelled
1789,147,2023-11-01,completed
1790,165,2023-12-27,returned
1791,134,2023-02-25,completed
1792,11,2023-05-06,completed
1793,102,2023-01-21,completed
1794,133,2023-11-19,cancelled
1795,49,2023-05-30,completed
1796,78,2023-05-27,completed
1797,109,2023-05-31,completed
1798,14,2023-12-20,completed
1799,37,2023-08-26,returned
1800,116,2023-02-16,returned
1801,29,2023-04-03,returned
1802,179,2023-10-07,completed
1803,106,2023-06-15,completed
1804,46,2023-08-21,completed
1805,183,2023-04-14,returned
1806,24,2023-05-09,completed
1807,167,2023-12-31,returned
1808,184,2023-03-05,completed
1809,181,2023-08-19,completed
1810,22,2023-09-26,returned
1811,187,2023-09-19,completed
1812,41,2023-07-13,completed
1813,12,2023-03-29,cancelled
1814,145,2023-12-04,returned
1815,42,2023-03-16,completed
1816,183,2023-01-27,completed
1817,80,2023-08-17,completed
1818,47,2023-03-02,returned
1819,52,2023-01-02,completed
1820,65,2023-01-07,completed
1821,128,2023-10-06,returned
1822,156,2023-09-10,completed
1823,151,2023-12-04,completed
1824,105,2023-08-15,completed
1825,154,2023-01-04,completed
1826,141,2023-05-23,completed
1827,143,2023-04-17,completed
1828,38,2023-01-29,completed
1829,10,2023-03-16,returned
1830,171,2023-10-23,returned
1831,77,2023-06-19,cancelled
1832,13,2023-02-25,completed
1833,46,2023-03-24,completed
1834,157,2023-12-05,completed
1835,153,2023-10-21,returned
1836,46,2023-08-22,returned
1837,93,2023-01-19,completed
1838,77,2023-06-15,completed
1839,98,2023-02-04,returned
1840,141,2023-02-03,completed
1841,35,2023-03-04,completed
1842,71,2023-06-18,completed
1843,135,2023-04-18,completed
1844,157,2023-01-30,completed
1845,187,2023-11-19,completed
1846,23,2023-09-05,returned
1847,155,2023-12-28,completed
1848,156,2023-06-12,completed
1849,148,2023-11-16,completed
1850,34,2023-11-11,completed
1851,134,2023-11-20,completed
1852,47,2023-11-09,completed
1853,75,2023-04-10,completed
1854,7,2023-08-27,completed
1855,31,2023-04-17,returned
1856,107,2023-07-31,completed
1857,90,2023-10-14,returned
1858,55,2023-01-06,completed
1859,177,2023-05-25,completed
1860,18,2023-06-07,completed
1861,141,2023-06-15,returned
1862,30,2023-12-18,completed
1863,102,2023-10-19,completed
1864,8,2023-03-31,completed
1865,87,2023-12-11,completed
1866,122,2023-01-19,completed
1867,124,2023-03-21,completed
1868,138,2023-06-21,completed
1869,106,2023-01-29,returned
1870,77,2023-10-17,returned
1871,81,2023-10-12,completed
1872,54,2023-10-23,completed
1873,91,2023-02-03,cancelled
1874,72,2023-01-16,completed
1875,97,2023-11-17,completed
1876,43,2023-10-20,completed
1877,48,2023-11-01,completed
1878,193,2023-06-07,returned
1879,81,2023-12-30,completed
1880,106,2023-02-14,completed
1881,61,2023-07-10,completed
1882,78,2023-04-21,completed
1883,45,2023-02-27,completed
1884,10,2023-04-14,cancelled
1885,114,2023-09-17,completed
1886,124,2023-09-14,completed
1887,88,2023-09-05,returned
1888,135,2023-06-08,returned
1889,37,2023-02-20,returned
1890,133,2023-12-13,cancelled
1891,53,2023-01-19,completed
1892,183,2023-09-25,completed
1893,80,2023-01-23,completed
1894,153,2023-02-14,completed
1895,12,2023-02-22,completed
1896,169,2023-06-09,completed
1897,195,2023-06-09,completed
1898,54,2023-06-14,completed
1899,74,2023-05-22,completed
1900,198,2023-08-14,completed
1901,70,2023-03-18,completed
1902,30,2023-01-08,cancelled
1903,144,2023-09-21,completed
1904,139,2023-06-29,completed
1905,70,2023-03-14,cancelled
1906,73,2023-10-21,completed
1907,19,2023-06-09,completed
1908,87,2023-10-04,completed
1909,34,2023-01-15,completed
1910,173,2023-01-26,completed
1911,14,2023-02-14,completed
1912,46,2023-12-27,completed
1913,152,2023-11-19,returned
1914,180,2023-08-17,completed
1915,80,2023-06-20,returned
1916,183,2023-12-10,returned
1917,21,2023-08-27,completed
1918,24,2023-12-24,completed
1919,117,2023-06-08,completed
1920,182,2023-08-27,completed
1921,58,2023-03-15,returned
1922,158,2023-05-13,cancelled
1923,101,2023-04-04,completed
1924,171,2023-06-19,returned
1925,84,2023-08-21,completed
1926,17,2023-09-01,completed
1927,123,2023-08-25,returned
1928,73,2023-06-28,completed
1929,33,2023-09-18,completed
1930,183,2023-02-24,completed
1931,167,2023-02-06,returned
1932,137,2023-08-25,completed
1933,106,2023-05-03,completed
1934,141,2023-03-23,cancelled
1935,99,2023-02-03,completed
1936,178,2023-10-30,completed
1937,112,2023-10-18,returned
1938,140,2023-12-22,completed
1939,170,2023-12-09,completed
1940,183,2023-10-21,returned
1941,30,2023-10-31,completed
1942,84,2023-10-12,completed
1943,114,2023-04-01,completed
1944,104,2023-02-05,completed
1945,176,2023-11-02,returned
1946,98,2023-06-17,completed
1947,170,2023-02-01,completed
1948,36,2023-10-25,cancelled
1949,163,2023-01-01,returned
1950,170,2023-03-18,completed
1951,75,2023-07-19,completed
1952,115,2023-04-11,completed
1953,82,2023-06-03,completed
1954,174,2023-06-05,cancelled
1955,112,2023-06-26,cancelled
1956,150,2023-01-05,completed
1957,131,2023-07-26,returned
1958,76,2023-02-01,completed
1959,141,2023-01-28,completed
1960,144,2023-07-03,completed
1961,73,2023-01-16,completed
1962,180,2023-10-30,completed
1963,82,2023-12-31,completed
1964,98,2023-08-11,completed
1965,170,2023-03-30,completed
1966,49,2023-10-12,completed
1967,93,2023-08-02,completed
1968,172,2023-03-06,completed
1969,19,2023-11-28,completed
1970,185,2023-09-07,completed
1971,35,2023-02-13,completed
1972,107,2023-08-22,returned
1973,179,2023-11-06,cancelled
1974,160,2023-04-03,completed
1975,109,2023-10-10,returned
1976,99,2023-07-01,completed
1977,109,2023-11-06,completed
1978,128,2023-05-02,returned
1979,69,2023-07-30,cancelled
1980,148,2023-07-07,completed
1981,10,2023-10-18,completed
1982,95,2023-02-27,completed
1983,177,2023-02-10,completed
1984,188,2023-09-27,cancelled
1985,193,2023-05-24,completed
1986,21,2023-09-25,returned
1987,23,2023-05-06,completed
1988,190,2023-12-06,cancelled
1989,20,2023-12-17,completed
1990,149,2023-06-09,completed
1991,88,2023-10-01,returned
1992,121,2023-08-21,completed
1993,121,2023-10-21,returned
1994,108,2023-06-30,cancelled
1995,76,2023-05-29,completed
1996,178,2023-11-02,returned
1997,187,2023-10-16,completed
1998,162,2023-08-31,completed
1999,147,2023-01-27,completed
2000,75,2023-11-16,completed
