order_id,product_id,quantity,unit_price
1,11,1,24.6
1,33,2,309.81
1,41,5,330.06
1,20,1,193.39
3,38,3,312.39
3,46,2,180.09
3,49,5,415.76
4,13,3,168.18
4,8,3,133.15
4,7,1,289.94
5,44,5,79.11
6,32,5,176.51
6,21,2,148.97
7,44,3,79.11
7,9,2,109.33
7,21,3,148.97
7,13,2,168.18
8,34,2,37.56
8,42,5,41.05
8,17,1,247.36
8,25,3,361.62
9,44,2,79.11
10,1,4,270.56
10,43,4,294.03
11,31,2,32.87
11,9,4,109.33
11,40,2,301.81
11,44,2,79.11
13,23,1,145.8
13,24,3,92.59
13,32,1,176.51
14,8,2,133.15
15,6,4,313.89
15,37,4,34.53
15,24,3,92.59
15,38,4,312.39
16,37,4,34.53
16,18,4,36.25
17,1,3,270.56
17,18,2,36.25
17,38,5,312.39
17,8,4,133.15
18,36,3,78.64
19,34,4,37.56
19,35,3,39.98
19,25,5,361.62
19,44,1,79.11
20,39,5,94.45
21,25,4,361.62
21,27,5,108.78
21,12,3,172.7
22,45,3,54.06
22,3,3,13.48
22,2,1,185.29
23,1,5,270.56
23,11,4,24.6
23,31,4,32.87
24,7,5,289.94
24,50,2,324.16
25,48,2,262.11
25,35,3,39.98
25,49,5,415.76
26,47,1,97.51
27,17,1,247.36
28,15,1,46.94
28,31,5,32.87
28,41,1,330.06
28,18,4,36.25
29,5,2,260.5
29,42,3,41.05
29,25,3,361.62
30,15,1,46.94
30,50,1,324.16
31,11,1,24.6
32,45,5,54.06
32,24,1,92.59
33,10,1,244.06
34,22,4,102.15
34,9,5,109.33
35,32,1,176.51
35,7,2,289.94
36,26,3,300.59
36,47,4,97.51
36,9,1,109.33
37,35,3,39.98
37,23,4,145.8
37,31,3,32.87
37,38,3,312.39
38,26,1,300.59
38,1,3,270.56
39,2,4,185.29
40,50,3,324.16
40,37,1,34.53
40,3,3,13.48
40,35,3,39.98
41,40,4,301.81
41,46,1,180.09
42,31,2,32.87
42,34,5,37.56
42,22,4,102.15
42,12,2,172.7
44,17,1,247.36
44,49,2,415.76
44,43,5,294.03
44,28,4,15.06
45,3,5,13.48
45,19,1,129.28
46,30,3,204.67
46,3,1,13.48
46,7,1,289.94
46,6,1,313.89
47,44,5,79.11
48,11,4,24.6
48,47,1,97.51
48,19,4,129.28
49,41,1,330.06
49,10,1,244.06
51,22,3,102.15
51,10,2,244.06
51,5,3,260.5
51,50,4,324.16
52,26,5,300.59
53,21,4,148.97
53,14,4,217.68
53,39,4,94.45
53,50,1,324.16
55,3,1,13.48
55,40,4,301.81
56,26,1,300.59
56,3,5,13.48
56,46,5,180.09
56,29,3,18.95
57,40,3,301.81
57,31,4,32.87
57,35,1,39.98
58,4,3,62.75
59,50,1,324.16
59,9,4,109.33
59,14,3,217.68
61,23,2,145.8
61,5,5,260.5
62,16,4,179.9
63,45,3,54.06
63,22,4,102.15
64,31,3,32.87
65,6,1,313.89
65,36,4,78.64
65,32,2,176.51
65,4,2,62.75
66,19,2,129.28
67,4,5,62.75
69,4,4,62.75
69,15,4,46.94
70,42,5,41.05
71,39,4,94.45
71,28,5,15.06
71,44,4,79.11
72,42,1,41.05
73,3,1,13.48
73,2,3,185.29
73,36,1,78.64
74,31,1,32.87
74,6,2,313.89
74,46,5,180.09
74,27,4,108.78
75,39,5,94.45
75,13,2,168.18
76,2,1,185.29
77,46,4,180.09
77,45,1,54.06
79,11,5,24.6
79,14,1,217.68
79,22,2,102.15
79,38,2,312.39
80,44,2,79.11
82,50,3,324.16
85,18,4,36.25
87,4,5,62.75
87,36,1,78.64
88,9,1,109.33
89,50,5,324.16
89,46,5,180.09
89,27,2,108.78
89,22,1,102.15
90,43,4,294.03
90,19,3,129.28
91,38,3,312.39
91,12,1,172.7
91,30,5,204.67
91,48,5,262.11
92,20,3,193.39
92,28,2,15.06
93,41,5,330.06
94,26,3,300.59
94,34,1,37.56
95,3,3,13.48
96,44,4,79.11
96,20,2,193.39
97,13,5,168.18
97,43,2,294.03
97,16,4,179.9
98,35,5,39.98
98,37,1,34.53
99,12,1,172.7
99,47,5,97.51
100,38,2,312.39
100,47,1,97.51
100,25,4,361.62
100,35,1,39.98
101,48,1,262.11
102,42,1,41.05
102,1,5,270.56
103,38,4,312.39
103,30,4,204.67
103,17,2,247.36
104,19,2,129.28
104,13,3,168.18
105,48,4,262.11
105,7,2,289.94
105,27,2,108.78
105,1,5,270.56
106,29,5,18.95
107,25,4,361.62
107,39,5,94.45
108,47,3,97.51
109,49,4,415.76
109,2,1,185.29
109,29,5,18.95
110,11,2,24.6
110,38,1,312.39
111,19,5,129.28
112,13,5,168.18
112,27,5,108.78
112,45,2,54.06
114,32,2,176.51
114,44,3,79.11
114,41,1,330.06
114,23,2,145.8
115,39,2,94.45
117,24,4,92.59
117,47,2,97.51
117,7,2,289.94
117,6,1,313.89
118,21,3,148.97
119,42,2,41.05
119,24,4,92.59
119,43,3,294.03
121,17,5,247.36
121,11,4,24.6
121,26,1,300.59
122,11,1,24.6
124,16,2,179.9
124,9,1,109.33
125,5,5,260.5
125,24,1,92.59
125,6,1,313.89
125,29,2,18.95
126,40,5,301.81
126,17,5,247.36
126,10,3,244.06
126,37,4,34.53
128,37,3,34.53
128,35,2,39.98
129,26,3,300.59
130,4,1,62.75
130,12,2,172.7
131,7,2,289.94
131,20,4,193.39
131,34,2,37.56
131,42,1,41.05
132,27,5,108.78
132,33,4,309.81
132,34,1,37.56
132,10,4,244.06
134,36,2,78.64
134,7,5,289.94
135,20,2,193.39
135,47,4,97.51
135,18,3,36.25
135,28,2,15.06
136,31,2,32.87
136,12,3,172.7
136,25,3,361.62
136,14,2,217.68
137,26,2,300.59
137,6,1,313.89
137,32,5,176.51
138,5,3,260.5
139,8,1,133.15
139,36,4,78.64
140,9,4,109.33
140,26,2,300.59
140,44,3,79.11
140,5,2,260.5
141,37,5,34.53
141,19,2,129.28
141,12,5,172.7
142,22,5,102.15
142,32,5,176.51
143,22,1,102.15
143,12,4,172.7
144,5,2,260.5
144,21,5,148.97
144,13,4,168.18
144,45,4,54.06
145,49,1,415.76
145,18,4,36.25
145,47,2,97.51
146,36,3,78.64
146,21,4,148.97
147,43,5,294.03
147,18,2,36.25
148,2,4,185.29
149,32,1,176.51
150,7,5,289.94
150,33,1,309.81
150,48,4,262.11
150,6,5,313.89
151,28,4,15.06
151,44,1,79.11
151,23,4,145.8
151,8,4,133.15
152,5,1,260.5
152,14,5,217.68
153,6,4,313.89
154,47,2,97.51
154,13,3,168.18
155,50,2,324.16
155,30,1,204.67
155,17,1,247.36
156,18,3,36.25
156,36,2,78.64
156,1,4,270.56
156,37,5,34.53
157,44,4,79.11
158,49,2,415.76
158,21,4,148.97
158,42,2,41.05
158,32,3,176.51
159,32,1,176.51
159,26,1,300.59
159,25,4,361.62
159,8,3,133.15
160,18,3,36.25
161,9,3,109.33
161,14,5,217.68
161,50,5,324.16
161,16,5,179.9
162,47,1,97.51
162,1,5,270.56
163,36,1,78.64
163,42,5,41.05
163,1,3,270.56
164,49,1,415.76
165,38,3,312.39
165,41,4,330.06
165,16,5,179.9
165,15,1,46.94
166,44,3,79.11
166,34,2,37.56
166,23,5,145.8
167,35,5,39.98
168,3,2,13.48
168,9,3,109.33
170,49,5,415.76
170,8,1,133.15
171,11,5,24.6
171,7,2,289.94
171,10,2,244.06
171,50,3,324.16
172,15,3,46.94
172,8,5,133.15
172,35,4,39.98
173,42,1,41.05
173,8,1,133.15
173,3,3,13.48
174,38,4,312.39
174,9,4,109.33
174,5,5,260.5
175,42,4,41.05
176,28,4,15.06
176,14,5,217.68
176,42,3,41.05
178,17,2,247.36
179,42,1,41.05
179,10,1,244.06
179,16,4,179.9
179,6,2,313.89
180,38,1,312.39
180,32,1,176.51
180,36,2,78.64
181,30,1,204.67
181,44,2,79.11
181,12,4,172.7
182,42,2,41.05
182,29,5,18.95
183,22,3,102.15
184,12,5,172.7
184,2,2,185.29
184,4,4,62.75
184,15,3,46.94
185,22,4,102.15
185,31,1,32.87
185,1,3,270.56
185,44,2,79.11
186,15,1,46.94
187,37,5,34.53
187,25,3,361.62
188,33,5,309.81
188,17,3,247.36
188,9,3,109.33
188,11,4,24.6
189,15,4,46.94
189,38,3,312.39
189,49,5,415.76
189,28,2,15.06
190,21,2,148.97
190,26,3,300.59
190,46,2,180.09
191,24,3,92.59
191,44,3,79.11
191,3,1,13.48
191,35,2,39.98
192,33,3,309.81
192,40,4,301.81
192,25,2,361.62
193,9,5,109.33
193,39,3,94.45
194,44,2,79.11
194,7,2,289.94
195,46,2,180.09
195,8,1,133.15
196,20,3,193.39
197,15,4,46.94
197,2,3,185.29
198,37,2,34.53
198,13,2,168.18
198,46,5,180.09
199,9,3,109.33
200,38,2,312.39
200,49,3,415.76
200,6,4,313.89
201,28,5,15.06
201,35,3,39.98
202,29,1,18.95
203,36,4,78.64
203,19,2,129.28
203,41,4,330.06
203,45,3,54.06
204,27,1,108.78
204,16,5,179.9
205,47,3,97.51
205,43,4,294.03
205,50,3,324.16
206,13,5,168.18
206,10,4,244.06
207,33,1,309.81
207,26,4,300.59
207,36,1,78.64
208,38,5,312.39
208,27,1,108.78
209,3,1,13.48
209,41,4,330.06
209,9,5,109.33
210,37,4,34.53
210,31,3,32.87
211,36,3,78.64
212,31,5,32.87
213,38,5,312.39
213,9,5,109.33
214,11,3,24.6
214,17,2,247.36
215,15,1,46.94
216,37,1,34.53
216,11,5,24.6
216,22,4,102.15
216,49,2,415.76
217,27,3,108.78
217,35,5,39.98
217,20,5,193.39
217,1,5,270.56
218,26,3,300.59
219,47,2,97.51
219,17,4,247.36
219,34,3,37.56
219,50,4,324.16
220,12,1,172.7
220,27,3,108.78
220,35,3,39.98
221,50,3,324.16
221,4,4,62.75
221,8,5,133.15
222,32,2,176.51
223,20,4,193.39
223,44,4,79.11
223,45,3,54.06
223,37,2,34.53
224,25,4,361.62
224,50,2,324.16
224,21,5,148.97
224,29,5,18.95
225,22,2,102.15
226,41,3,330.06
226,5,4,260.5
227,46,1,180.09
227,25,5,361.62
227,34,4,37.56
228,25,1,361.62
229,8,3,133.15
229,47,4,97.51
229,23,2,145.8
229,29,5,18.95
230,18,5,36.25
230,38,2,312.39
230,1,2,270.56
230,2,2,185.29
231,40,3,301.81
231,31,5,32.87
231,21,4,148.97
231,44,1,79.11
233,22,5,102.15
233,2,3,185.29
233,14,4,217.68
234,39,2,94.45
234,47,1,97.51
234,10,1,244.06
234,1,2,270.56
235,35,3,39.98
235,17,4,247.36
235,7,1,289.94
236,30,4,204.67
236,21,2,148.97
236,11,4,24.6
237,10,1,244.06
237,12,1,172.7
238,36,4,78.64
238,15,1,46.94
238,1,5,270.56
239,29,5,18.95
239,44,4,79.11
239,45,5,54.06
240,47,3,97.51
240,15,4,46.94
240,19,1,129.28
240,34,3,37.56
241,29,3,18.95
242,19,5,129.28
242,15,1,46.94
243,1,3,270.56
243,27,4,108.78
244,10,3,244.06
244,46,2,180.09
245,46,3,180.09
246,30,4,204.67
246,39,3,94.45
246,19,1,129.28
247,37,3,34.53
247,28,5,15.06
247,50,1,324.16
248,44,2,79.11
248,1,1,270.56
249,12,5,172.7
249,19,3,129.28
250,10,3,244.06
250,9,3,109.33
250,35,3,39.98
251,2,5,185.29
252,12,2,172.7
252,10,1,244.06
252,44,2,79.11
253,13,3,168.18
253,26,4,300.59
253,27,4,108.78
254,3,2,13.48
254,16,1,179.9
254,24,2,92.59
255,21,5,148.97
255,8,2,133.15
256,27,5,108.78
256,4,5,62.75
257,38,4,312.39
258,49,1,415.76
258,48,1,262.11
258,34,2,37.56
258,32,1,176.51
259,46,3,180.09
259,40,3,301.81
259,18,3,36.25
259,24,2,92.59
260,21,5,148.97
260,4,5,62.75
260,14,3,217.68
260,28,2,15.06
261,35,1,39.98
261,23,1,145.8
261,4,2,62.75
262,2,2,185.29
262,36,2,78.64
263,33,2,309.81
263,38,2,312.39
263,13,2,168.18
265,35,4,39.98
266,15,1,46.94
268,15,4,46.94
269,7,1,289.94
269,3,2,13.48
269,47,1,97.51
269,43,1,294.03
270,36,4,78.64
271,26,3,300.59
272,16,1,179.9
273,31,1,32.87
273,35,1,39.98
273,22,1,102.15
274,22,5,102.15
274,47,2,97.51
275,9,3,109.33
275,44,1,79.11
276,47,2,97.51
277,35,5,39.98
277,32,3,176.51
277,50,3,324.16
278,6,5,313.89
278,44,5,79.11
280,43,5,294.03
280,45,5,54.06
281,24,1,92.59
282,50,5,324.16
283,11,2,24.6
283,42,3,41.05
284,48,5,262.11
284,36,1,78.64
285,36,2,78.64
287,44,3,79.11
287,8,5,133.15
287,39,2,94.45
287,32,4,176.51
288,37,2,34.53
290,28,4,15.06
290,31,4,32.87
290,38,2,312.39
291,50,4,324.16
291,35,1,39.98
292,9,1,109.33
292,44,4,79.11
292,39,1,94.45
293,7,4,289.94
293,30,3,204.67
294,42,5,41.05
294,8,1,133.15
294,20,1,193.39
295,22,4,102.15
295,1,1,270.56
295,16,4,179.9
296,38,4,312.39
296,43,5,294.03
296,24,3,92.59
297,16,2,179.9
297,28,5,15.06
297,31,4,32.87
297,43,3,294.03
298,19,2,129.28
298,1,1,270.56
298,28,4,15.06
298,31,3,32.87
299,1,1,270.56
299,45,4,54.06
301,35,4,39.98
303,19,5,129.28
303,38,1,312.39
303,1,1,270.56
303,4,2,62.75
304,1,4,270.56
304,11,5,24.6
304,17,1,247.36
304,43,2,294.03
305,33,3,309.81
306,1,3,270.56
306,34,2,37.56
307,16,1,179.9
307,41,2,330.06
307,27,4,108.78
307,15,4,46.94
308,11,5,24.6
308,37,5,34.53
308,30,3,204.67
309,27,3,108.78
309,33,4,309.81
309,30,5,204.67
309,16,4,179.9
310,48,5,262.11
310,5,3,260.5
310,44,2,79.11
310,39,4,94.45
311,40,1,301.81
312,26,4,300.59
312,28,4,15.06
312,25,2,361.62
314,35,1,39.98
314,7,1,289.94
315,12,1,172.7
316,18,1,36.25
316,26,2,300.59
316,34,4,37.56
316,38,5,312.39
317,35,2,39.98
317,29,3,18.95
317,20,5,193.39
318,4,1,62.75
319,24,4,92.59
319,21,2,148.97
319,32,3,176.51
319,12,4,172.7
320,6,5,313.89
320,9,3,109.33
320,20,5,193.39
320,16,3,179.9
321,28,1,15.06
322,3,1,13.48
322,38,4,312.39
322,18,4,36.25
322,28,3,15.06
323,50,4,324.16
323,45,4,54.06
323,46,1,180.09
323,40,1,301.81
324,43,5,294.03
324,18,3,36.25
325,36,4,78.64
325,7,4,289.94
326,21,3,148.97
326,32,4,176.51
327,15,1,46.94
327,27,5,108.78
327,22,4,102.15
327,32,5,176.51
328,18,4,36.25
328,4,5,62.75
328,44,2,79.11
328,49,5,415.76
329,5,4,260.5
330,10,4,244.06
330,25,5,361.62
330,23,4,145.8
331,13,3,168.18
331,50,3,324.16
331,36,1,78.64
332,47,5,97.51
333,46,2,180.09
334,12,3,172.7
334,49,5,415.76
334,28,1,15.06
336,8,4,133.15
336,17,1,247.36
336,16,4,179.9
337,10,3,244.06
337,36,4,78.64
337,4,3,62.75
338,49,2,415.76
339,7,2,289.94
339,22,3,102.15
340,8,1,133.15
341,41,1,330.06
341,26,3,300.59
341,50,2,324.16
342,24,5,92.59
343,30,1,204.67
343,43,4,294.03
343,19,4,129.28
344,11,3,24.6
344,27,1,108.78
344,7,4,289.94
344,19,5,129.28
345,1,3,270.56
346,12,5,172.7
346,33,4,309.81
346,29,3,18.95
346,35,5,39.98
347,4,4,62.75
348,40,2,301.81
349,44,4,79.11
349,26,5,300.59
349,15,3,46.94
350,1,5,270.56
350,6,3,313.89
351,14,4,217.68
351,6,2,313.89
351,35,4,39.98
352,18,5,36.25
353,9,3,109.33
353,46,3,180.09
355,1,3,270.56
356,23,2,145.8
356,44,5,79.11
356,37,1,34.53
356,40,5,301.81
357,33,5,309.81
358,41,3,330.06
358,24,1,92.59
358,22,5,102.15
359,24,4,92.59
359,47,2,97.51
359,25,3,361.62
359,38,1,312.39
360,1,5,270.56
360,9,3,109.33
360,46,4,180.09
361,43,2,294.03
361,41,4,330.06
361,2,4,185.29
362,45,5,54.06
362,30,5,204.67
362,4,4,62.75
363,27,1,108.78
363,9,5,109.33
364,14,5,217.68
364,19,4,129.28
366,43,4,294.03
366,23,3,145.8
367,42,5,41.05
367,9,1,109.33
367,44,5,79.11
367,3,2,13.48
368,22,4,102.15
368,31,2,32.87
368,11,2,24.6
370,38,3,312.39
370,18,4,36.25
371,17,3,247.36
371,13,1,168.18
371,26,2,300.59
371,10,4,244.06
372,16,3,179.9
372,19,2,129.28
372,46,3,180.09
373,50,4,324.16
373,16,2,179.9
374,28,2,15.06
375,44,1,79.11
375,27,2,108.78
376,37,4,34.53
376,1,4,270.56
376,44,5,79.11
377,13,4,168.18
377,44,1,79.11
377,2,2,185.29
377,17,2,247.36
378,5,2,260.5
378,40,1,301.81
378,1,3,270.56
380,23,5,145.8
380,50,2,324.16
380,34,1,37.56
381,20,1,193.39
381,7,1,289.94
381,8,1,133.15
381,1,3,270.56
382,2,1,185.29
382,8,4,133.15
382,39,3,94.45
383,2,4,185.29
384,30,2,204.67
384,6,1,313.89
385,45,5,54.06
386,41,4,330.06
386,25,1,361.62
386,47,2,97.51
387,39,3,94.45
388,39,5,94.45
388,8,4,133.15
388,14,2,217.68
389,50,2,324.16
389,16,2,179.9
389,17,1,247.36
389,42,2,41.05
390,50,3,324.16
390,16,4,179.9
391,3,3,13.48
391,1,5,270.56
391,5,1,260.5
391,23,4,145.8
392,15,1,46.94
392,21,3,148.97
392,34,5,37.56
393,45,4,54.06
393,41,2,330.06
393,30,3,204.67
393,9,2,109.33
394,38,4,312.39
394,15,3,46.94
394,43,3,294.03
395,21,5,148.97
396,40,1,301.81
397,21,3,148.97
397,39,5,94.45
398,41,3,330.06
398,18,3,36.25
398,44,1,79.11
398,46,5,180.09
399,22,4,102.15
399,23,4,145.8
400,50,4,324.16
401,4,3,62.75
401,47,1,97.51
401,7,2,289.94
402,20,2,193.39
402,24,2,92.59
402,30,4,204.67
403,5,4,260.5
403,36,1,78.64
403,46,3,180.09
404,15,4,46.94
405,12,4,172.7
405,20,3,193.39
405,23,4,145.8
405,16,1,179.9
406,50,3,324.16
406,35,5,39.98
407,14,3,217.68
408,19,5,129.28
408,8,5,133.15
408,38,3,312.39
408,16,4,179.9
409,25,1,361.62
410,19,4,129.28
410,48,2,262.11
411,36,4,78.64
413,42,3,41.05
413,23,3,145.8
415,37,1,34.53
416,34,2,37.56
416,18,5,36.25
417,34,5,37.56
417,10,4,244.06
418,31,4,32.87
418,4,4,62.75
418,7,2,289.94
419,21,2,148.97
419,13,5,168.18
419,48,3,262.11
420,36,2,78.64
420,42,1,41.05
420,38,4,312.39
421,7,2,289.94
421,40,4,301.81
421,6,4,313.89
422,28,1,15.06
422,36,1,78.64
423,42,1,41.05
423,33,4,309.81
424,19,3,129.28
424,44,2,79.11
425,19,4,129.28
426,28,5,15.06
426,4,3,62.75
426,14,2,217.68
426,38,1,312.39
427,10,2,244.06
427,23,5,145.8
427,32,1,176.51
428,36,5,78.64
430,38,4,312.39
430,46,4,180.09
430,4,1,62.75
430,39,2,94.45
432,11,2,24.6
432,45,3,54.06
433,4,4,62.75
433,47,4,97.51
433,17,2,247.36
434,33,2,309.81
434,39,5,94.45
434,37,2,34.53
434,2,3,185.29
435,39,4,94.45
435,45,2,54.06
436,19,2,129.28
436,27,1,108.78
436,30,3,204.67
436,6,3,313.89
438,34,5,37.56
438,36,4,78.64
439,19,3,129.28
439,40,5,301.81
440,48,1,262.11
440,35,1,39.98
440,21,4,148.97
440,32,2,176.51
441,46,4,180.09
441,39,2,94.45
441,25,4,361.62
442,39,5,94.45
442,13,3,168.18
442,32,1,176.51
442,17,1,247.36
443,49,1,415.76
444,23,2,145.8
444,20,4,193.39
444,7,3,289.94
445,32,1,176.51
446,29,5,18.95
446,22,5,102.15
446,5,4,260.5
447,48,4,262.11
447,24,3,92.59
447,41,2,330.06
448,48,5,262.11
449,43,3,294.03
449,34,2,37.56
450,46,3,180.09
450,18,4,36.25
450,35,2,39.98
450,33,1,309.81
451,11,5,24.6
451,17,4,247.36
451,7,2,289.94
452,7,1,289.94
452,48,3,262.11
452,34,1,37.56
453,30,4,204.67
453,5,3,260.5
455,42,4,41.05
455,48,3,262.11
455,5,3,260.5
456,37,5,34.53
456,19,3,129.28
456,44,4,79.11
457,37,3,34.53
457,13,4,168.18
458,15,5,46.94
458,22,4,102.15
459,6,2,313.89
460,39,1,94.45
460,5,2,260.5
461,29,1,18.95
461,18,4,36.25
462,36,2,78.64
462,28,4,15.06
462,32,4,176.51
464,36,4,78.64
465,32,4,176.51
466,49,5,415.76
466,43,4,294.03
466,33,4,309.81
467,21,1,148.97
467,11,2,24.6
467,50,1,324.16
467,46,3,180.09
468,23,2,145.8
470,28,2,15.06
470,31,2,32.87
470,4,5,62.75
471,9,5,109.33
471,47,5,97.51
471,43,2,294.03
472,19,5,129.28
473,23,4,145.8
473,28,1,15.06
475,35,4,39.98
475,28,1,15.06
476,21,1,148.97
476,47,3,97.51
476,37,1,34.53
478,12,3,172.7
478,35,5,39.98
478,13,1,168.18
478,27,3,108.78
479,21,1,148.97
479,7,1,289.94
480,34,4,37.56
480,18,4,36.25
480,16,3,179.9
480,19,5,129.28
482,35,3,39.98
483,4,5,62.75
484,15,3,46.94
484,18,5,36.25
484,30,2,204.67
484,40,2,301.81
486,29,3,18.95
488,45,1,54.06
488,42,1,41.05
488,34,5,37.56
490,1,1,270.56
490,4,4,62.75
490,31,3,32.87
490,17,2,247.36
491,16,4,179.9
491,46,1,180.09
492,21,2,148.97
493,3,4,13.48
493,50,4,324.16
494,1,2,270.56
494,12,1,172.7
494,5,3,260.5
495,13,4,168.18
495,31,3,32.87
495,19,5,129.28
495,34,2,37.56
496,35,1,39.98
496,27,3,108.78
496,5,5,260.5
497,22,4,102.15
497,9,4,109.33
498,22,4,102.15
498,24,3,92.59
498,27,5,108.78
498,1,5,270.56
499,45,1,54.06
499,48,4,262.11
499,50,3,324.16
499,7,5,289.94
500,22,4,102.15
500,37,4,34.53
501,21,1,148.97
502,31,4,32.87
502,39,2,94.45
502,48,2,262.11
503,14,5,217.68
503,36,5,78.64
503,19,1,129.28
503,3,3,13.48
504,36,4,78.64
504,49,1,415.76
504,25,4,361.62
504,42,3,41.05
505,1,2,270.56
505,37,3,34.53
506,9,5,109.33
506,46,4,180.09
507,12,5,172.7
507,15,1,46.94
507,14,5,217.68
508,19,1,129.28
509,36,5,78.64
510,37,4,34.53
510,25,1,361.62
510,36,4,78.64
510,40,5,301.81
511,23,3,145.8
511,26,3,300.59
511,1,5,270.56
512,25,5,361.62
513,40,1,301.81
515,23,2,145.8
515,7,2,289.94
515,2,4,185.29
515,42,1,41.05
516,19,4,129.28
517,45,3,54.06
517,12,5,172.7
517,2,4,185.29
518,27,5,108.78
518,44,3,79.11
518,1,3,270.56
518,12,2,172.7
519,16,2,179.9
519,49,1,415.76
520,50,1,324.16
520,12,4,172.7
520,29,5,18.95
521,17,1,247.36
522,35,1,39.98
522,15,1,46.94
522,2,2,185.29
522,47,4,97.51
523,15,4,46.94
523,8,5,133.15
523,47,4,97.51
523,36,3,78.64
524,13,4,168.18
524,14,3,217.68
524,11,1,24.6
525,39,2,94.45
525,40,1,301.81
526,1,1,270.56
526,46,1,180.09
527,5,1,260.5
527,34,2,37.56
528,36,2,78.64
528,3,2,13.48
528,9,4,109.33
528,42,5,41.05
529,13,1,168.18
529,46,3,180.09
530,47,2,97.51
530,32,4,176.51
530,37,4,34.53
530,38,1,312.39
531,17,2,247.36
532,42,4,41.05
532,17,4,247.36
533,48,1,262.11
533,42,4,41.05
533,45,5,54.06
533,50,2,324.16
535,13,3,168.18
535,40,5,301.81
536,4,1,62.75
536,30,3,204.67
536,35,1,39.98
536,27,1,108.78
538,16,4,179.9
538,15,4,46.94
538,39,5,94.45
538,17,5,247.36
539,37,1,34.53
539,16,4,179.9
539,10,4,244.06
540,11,5,24.6
540,33,5,309.81
540,44,5,79.11
540,10,4,244.06
541,14,1,217.68
541,7,5,289.94
542,47,4,97.51
543,30,5,204.67
543,42,1,41.05
543,14,3,217.68
544,21,4,148.97
544,13,1,168.18
544,16,4,179.9
544,4,5,62.75
546,48,4,262.11
546,9,4,109.33
546,32,1,176.51
547,16,3,179.9
547,33,2,309.81
548,18,3,36.25
548,29,4,18.95
548,28,2,15.06
548,19,5,129.28
549,48,5,262.11
549,42,3,41.05
550,34,2,37.56
550,3,3,13.48
550,19,4,129.28
550,16,4,179.9
551,29,4,18.95
551,39,2,94.45
551,16,5,179.9
552,39,3,94.45
552,29,1,18.95
553,30,2,204.67
553,26,2,300.59
553,1,2,270.56
553,4,2,62.75
554,23,1,145.8
554,15,4,46.94
554,49,4,415.76
554,12,3,172.7
555,11,2,24.6
555,16,5,179.9
556,15,1,46.94
557,11,3,24.6
557,3,3,13.48
557,4,2,62.75
558,45,5,54.06
558,40,1,301.81
559,29,3,18.95
560,44,1,79.11
560,40,5,301.81
560,17,2,247.36
560,6,1,313.89
561,13,4,168.18
561,4,3,62.75
562,23,3,145.8
562,4,1,62.75
562,33,5,309.81
563,31,2,32.87
563,19,5,129.28
563,44,5,79.11
564,48,1,262.11
565,4,4,62.75
565,9,1,109.33
565,33,1,309.81
565,2,5,185.29
566,13,5,168.18
567,12,5,172.7
568,22,2,102.15
569,23,2,145.8
570,49,2,415.76
570,26,3,300.59
570,6,4,313.89
573,49,1,415.76
573,1,2,270.56
573,48,3,262.11
573,16,3,179.9
574,36,1,78.64
574,12,2,172.7
576,22,4,102.15
576,20,1,193.39
576,1,2,270.56
576,29,4,18.95
577,34,3,37.56
577,50,5,324.16
577,45,2,54.06
578,8,3,133.15
579,30,4,204.67
579,3,3,13.48
579,43,2,294.03
580,2,5,185.29
580,19,4,129.28
581,2,2,185.29
581,6,4,313.89
584,34,4,37.56
584,21,4,148.97
584,46,5,180.09
584,14,3,217.68
586,45,4,54.06
587,25,1,361.62
587,16,5,179.9
588,2,1,185.29
589,1,3,270.56
589,22,4,102.15
589,21,2,148.97
590,21,1,148.97
590,9,4,109.33
590,26,1,300.59
590,33,2,309.81
591,28,5,15.06
592,9,4,109.33
592,40,4,301.81
592,39,5,94.45
593,24,3,92.59
593,35,3,39.98
593,13,1,168.18
594,22,5,102.15
594,32,5,176.51
594,2,2,185.29
595,25,4,361.62
595,16,2,179.9
595,50,5,324.16
595,20,5,193.39
596,9,3,109.33
596,36,4,78.64
596,17,2,247.36
596,31,3,32.87
597,5,1,260.5
598,29,4,18.95
598,14,2,217.68
598,37,5,34.53
599,34,2,37.56
599,50,1,324.16
599,24,5,92.59
600,21,5,148.97
600,30,3,204.67
600,5,2,260.5
601,47,1,97.51
602,29,2,18.95
602,41,3,330.06
602,30,4,204.67
603,45,1,54.06
604,19,3,129.28
604,42,5,41.05
604,11,3,24.6
606,35,1,39.98
607,16,4,179.9
608,23,5,145.8
608,31,1,32.87
608,21,4,148.97
609,17,2,247.36
609,10,5,244.06
609,49,5,415.76
610,4,3,62.75
610,1,3,270.56
611,23,5,145.8
611,2,2,185.29
611,24,4,92.59
613,11,1,24.6
613,40,3,301.81
614,49,3,415.76
614,41,4,330.06
615,48,2,262.11
617,42,4,41.05
617,15,1,46.94
617,13,1,168.18
617,5,1,260.5
618,16,2,179.9
618,19,4,129.28
618,14,2,217.68
618,15,4,46.94
620,33,3,309.81
621,12,5,172.7
621,2,5,185.29
621,8,5,133.15
621,27,4,108.78
622,42,5,41.05
622,23,4,145.8
622,13,4,168.18
624,18,4,36.25
624,22,4,102.15
624,11,2,24.6
624,35,2,39.98
625,28,4,15.06
625,50,4,324.16
627,39,5,94.45
627,3,5,13.48
628,2,2,185.29
629,33,4,309.81
629,5,1,260.5
629,29,2,18.95
629,7,5,289.94
630,7,1,289.94
630,20,5,193.39
630,24,4,92.59
631,14,1,217.68
632,7,5,289.94
632,5,3,260.5
632,21,1,148.97
633,20,1,193.39
633,38,3,312.39
634,44,3,79.11
634,2,3,185.29
634,23,3,145.8
635,50,1,324.16
635,28,2,15.06
635,36,2,78.64
635,39,5,94.45
636,35,1,39.98
636,30,3,204.67
636,27,3,108.78
636,4,2,62.75
639,42,4,41.05
639,34,1,37.56
641,35,5,39.98
642,29,1,18.95
642,31,1,32.87
642,32,4,176.51
643,17,5,247.36
643,20,3,193.39
643,50,5,324.16
643,10,4,244.06
644,20,4,193.39
644,40,4,301.81
644,21,5,148.97
645,39,2,94.45
645,48,5,262.11
646,5,4,260.5
646,10,4,244.06
646,4,2,62.75
646,20,3,193.39
647,37,5,34.53
649,26,4,300.59
649,33,2,309.81
649,7,4,289.94
649,19,3,129.28
650,26,4,300.59
652,23,1,145.8
652,18,2,36.25
652,26,1,300.59
653,45,5,54.06
653,16,1,179.9
653,22,5,102.15
654,27,2,108.78
655,26,5,300.59
656,4,4,62.75
656,41,5,330.06
657,3,1,13.48
658,47,1,97.51
658,35,3,39.98
659,22,2,102.15
659,15,5,46.94
660,27,1,108.78
660,41,5,330.06
660,46,5,180.09
660,39,3,94.45
661,9,5,109.33
661,19,1,129.28
661,6,4,313.89
661,25,1,361.62
662,22,4,102.15
662,35,2,39.98
662,40,4,301.81
663,23,5,145.8
664,26,4,300.59
664,7,3,289.94
664,38,1,312.39
665,44,1,79.11
666,2,3,185.29
666,40,2,301.81
668,20,3,193.39
668,19,1,129.28
669,9,3,109.33
669,18,4,36.25
670,30,1,204.67
670,5,5,260.5
671,47,2,97.51
671,8,1,133.15
671,37,1,34.53
672,1,4,270.56
672,25,1,361.62
672,45,3,54.06
673,18,4,36.25
673,21,3,148.97
674,2,4,185.29
674,28,1,15.06
674,50,1,324.16
675,16,2,179.9
675,44,5,79.11
676,19,4,129.28
676,30,5,204.67
677,41,1,330.06
677,13,3,168.18
677,8,1,133.15
677,26,3,300.59
678,12,5,172.7
678,29,4,18.95
678,41,1,330.06
678,23,4,145.8
680,50,4,324.16
681,23,1,145.8
681,36,3,78.64
683,8,2,133.15
684,20,3,193.39
684,40,5,301.81
685,11,4,24.6
685,44,1,79.11
685,16,5,179.9
685,25,2,361.62
686,50,3,324.16
686,23,5,145.8
687,4,2,62.75
687,28,5,15.06
689,19,5,129.28
689,23,4,145.8
689,26,1,300.59
689,43,1,294.03
690,32,5,176.51
690,11,3,24.6
690,15,2,46.94
690,43,1,294.03
691,13,4,168.18
692,27,5,108.78
692,14,3,217.68
692,16,4,179.9
693,26,2,300.59
693,46,5,180.09
693,1,5,270.56
694,41,1,330.06
694,33,2,309.81
694,1,5,270.56
695,28,3,15.06
697,22,4,102.15
698,8,2,133.15
699,21,4,148.97
699,12,2,172.7
699,22,5,102.15
700,33,3,309.81
700,6,3,313.89
700,28,4,15.06
701,15,2,46.94
701,27,3,108.78
701,50,3,324.16
702,13,4,168.18
702,34,5,37.56
703,23,1,145.8
703,45,2,54.06
703,21,1,148.97
705,23,1,145.8
705,6,1,313.89
705,47,2,97.51
705,12,4,172.7
706,18,4,36.25
706,6,5,313.89
706,29,1,18.95
706,38,1,312.39
707,48,4,262.11
708,16,3,179.9
709,18,5,36.25
709,7,3,289.94
709,49,4,415.76
709,21,2,148.97
710,41,1,330.06
711,12,3,172.7
711,48,2,262.11
711,47,4,97.51
711,20,1,193.39
713,11,1,24.6
713,14,3,217.68
714,18,2,36.25
714,41,1,330.06
714,1,5,270.56
715,4,2,62.75
715,1,2,270.56
715,20,4,193.39
716,10,1,244.06
716,31,3,32.87
716,40,4,301.81
717,13,1,168.18
717,8,2,133.15
718,45,1,54.06
718,23,3,145.8
718,18,5,36.25
718,28,5,15.06
719,33,2,309.81
719,48,5,262.11
719,26,2,300.59
719,25,5,361.62
720,42,1,41.05
720,1,5,270.56
721,15,1,46.94
721,21,2,148.97
722,27,5,108.78
722,29,2,18.95
722,16,5,179.9
723,26,2,300.59
723,50,1,324.16
723,15,5,46.94
724,36,5,78.64
724,11,4,24.6
724,33,1,309.81
725,10,1,244.06
725,43,3,294.03
725,36,4,78.64
725,2,4,185.29
726,20,1,193.39
726,26,5,300.59
726,17,4,247.36
727,49,3,415.76
727,45,5,54.06
727,40,1,301.81
727,12,2,172.7
728,15,3,46.94
729,48,5,262.11
729,47,4,97.51
729,39,3,94.45
729,2,1,185.29
730,3,2,13.48
730,43,3,294.03
730,7,1,289.94
730,25,5,361.62
731,36,2,78.64
732,26,1,300.59
732,1,2,270.56
732,34,2,37.56
732,5,2,260.5
733,15,3,46.94
733,50,1,324.16
733,43,1,294.03
734,31,4,32.87
735,34,1,37.56
735,21,5,148.97
735,50,3,324.16
735,47,3,97.51
736,27,1,108.78
736,6,4,313.89
737,10,3,244.06
737,7,1,289.94
739,21,5,148.97
739,8,2,133.15
739,5,1,260.5
740,7,1,289.94
740,41,4,330.06
740,25,5,361.62
740,15,1,46.94
741,32,1,176.51
742,12,4,172.7
743,5,1,260.5
743,18,2,36.25
743,31,1,32.87
744,14,1,217.68
744,5,3,260.5
744,20,5,193.39
744,35,4,39.98
746,8,1,133.15
747,5,5,260.5
748,18,3,36.25
749,47,4,97.51
749,18,1,36.25
749,22,5,102.15
749,24,4,92.59
751,50,5,324.16
751,19,5,129.28
752,37,4,34.53
753,48,4,262.11
753,46,4,180.09
753,1,5,270.56
753,11,5,24.6
754,36,3,78.64
755,32,4,176.51
756,35,5,39.98
756,23,2,145.8
756,32,1,176.51
757,23,1,145.8
758,31,5,32.87
759,9,5,109.33
759,15,2,46.94
760,34,3,37.56
760,19,4,129.28
760,22,4,102.15
761,35,2,39.98
761,44,2,79.11
761,33,2,309.81
761,6,1,313.89
762,3,2,13.48
763,33,5,309.81
763,27,4,108.78
763,11,5,24.6
764,49,3,415.76
764,14,5,217.68
764,11,5,24.6
765,11,2,24.6
765,42,4,41.05
766,50,5,324.16
766,11,3,24.6
766,35,3,39.98
767,47,1,97.51
767,41,5,330.06
767,42,5,41.05
768,17,1,247.36
768,27,2,108.78
769,35,4,39.98
770,47,2,97.51
770,9,2,109.33
770,32,2,176.51
771,21,3,148.97
772,15,4,46.94
772,31,4,32.87
773,27,5,108.78
773,11,5,24.6
773,22,3,102.15
774,44,4,79.11
774,38,3,312.39
774,14,2,217.68
776,43,4,294.03
778,25,4,361.62
779,48,1,262.11
779,35,2,39.98
780,28,4,15.06
780,27,5,108.78
781,39,2,94.45
781,3,4,13.48
782,29,4,18.95
782,14,2,217.68
782,9,4,109.33
783,32,1,176.51
783,4,3,62.75
784,44,1,79.11
785,37,1,34.53
785,43,5,294.03
785,14,1,217.68
787,25,3,361.62
787,50,4,324.16
788,31,5,32.87
788,37,3,34.53
789,5,1,260.5
790,42,2,41.05
790,15,3,46.94
792,23,2,145.8
792,29,3,18.95
793,45,3,54.06
793,10,5,244.06
794,35,2,39.98
794,19,2,129.28
795,14,2,217.68
796,8,1,133.15
796,11,1,24.6
796,46,2,180.09
797,42,1,41.05
797,14,3,217.68
797,37,2,34.53
797,32,3,176.51
798,43,2,294.03
798,35,3,39.98
798,36,3,78.64
798,30,2,204.67
800,29,1,18.95
800,42,1,41.05
800,11,2,24.6
800,16,2,179.9
801,35,2,39.98
801,44,5,79.11
802,20,3,193.39
802,9,3,109.33
802,10,5,244.06
802,7,4,289.94
803,23,1,145.8
803,50,5,324.16
804,46,5,180.09
804,33,3,309.81
805,49,3,415.76
805,11,2,24.6
806,18,3,36.25
807,24,5,92.59
807,3,5,13.48
808,13,2,168.18
808,26,1,300.59
808,3,4,13.48
808,33,5,309.81
809,45,2,54.06
811,36,5,78.64
811,12,3,172.7
811,49,4,415.76
811,13,5,168.18
812,37,2,34.53
812,1,3,270.56
812,31,3,32.87
812,34,5,37.56
813,21,4,148.97
813,20,4,193.39
813,34,3,37.56
813,32,5,176.51
814,34,5,37.56
814,25,1,361.62
814,42,2,41.05
814,31,2,32.87
815,10,4,244.06
815,17,2,247.36
816,34,2,37.56
816,7,3,289.94
816,24,4,92.59
816,45,4,54.06
817,42,3,41.05
817,3,3,13.48
818,32,2,176.51
819,48,3,262.11
820,40,5,301.81
820,44,3,79.11
820,7,2,289.94
820,16,5,179.9
821,44,4,79.11
822,36,4,78.64
822,7,4,289.94
822,26,4,300.59
824,29,4,18.95
824,28,3,15.06
824,37,4,34.53
824,13,3,168.18
825,11,4,24.6
825,42,1,41.05
825,35,2,39.98
826,19,2,129.28
826,8,3,133.15
826,50,1,324.16
826,42,3,41.05
827,34,3,37.56
828,23,3,145.8
829,33,1,309.81
829,11,1,24.6
830,42,3,41.05
831,47,5,97.51
832,2,3,185.29
832,8,2,133.15
833,24,3,92.59
833,21,3,148.97
833,31,3,32.87
835,37,5,34.53
835,25,2,361.62
836,10,1,244.06
836,17,3,247.36
836,46,3,180.09
837,23,4,145.8
837,17,4,247.36
837,28,5,15.06
838,9,4,109.33
839,48,4,262.11
839,42,2,41.05
841,17,2,247.36
841,20,4,193.39
842,18,5,36.25
842,45,5,54.06
843,8,4,133.15
843,9,3,109.33
843,47,1,97.51
843,34,3,37.56
844,31,4,32.87
844,15,4,46.94
845,5,4,260.5
845,46,4,180.09
847,42,3,41.05
848,31,5,32.87
848,49,2,415.76
849,28,1,15.06
849,21,4,148.97
849,42,3,41.05
850,17,2,247.36
850,30,4,204.67
850,49,4,415.76
851,37,5,34.53
851,29,3,18.95
851,6,3,313.89
851,19,5,129.28
852,21,5,148.97
853,7,2,289.94
854,50,3,324.16
854,20,5,193.39
855,19,4,129.28
855,49,2,415.76
855,43,4,294.03
855,23,1,145.8
856,9,2,109.33
856,31,4,32.87
856,32,1,176.51
856,15,3,46.94
857,43,3,294.03
857,26,1,300.59
857,23,2,145.8
857,48,1,262.11
858,4,1,62.75
858,21,5,148.97
859,34,1,37.56
859,1,2,270.56
859,19,2,129.28
859,42,1,41.05
860,42,3,41.05
860,34,2,37.56
860,47,2,97.51
860,28,3,15.06
861,35,4,39.98
863,36,3,78.64
864,4,2,62.75
865,43,4,294.03
865,20,4,193.39
865,50,2,324.16
866,35,2,39.98
867,47,4,97.51
867,21,1,148.97
867,40,4,301.81
867,12,2,172.7
868,17,2,247.36
868,32,3,176.51
869,49,4,415.76
869,30,2,204.67
869,5,5,260.5
869,8,5,133.15
871,19,5,129.28
871,44,2,79.11
871,45,5,54.06
872,38,3,312.39
872,13,2,168.18
872,11,1,24.6
872,16,2,179.9
873,14,1,217.68
873,36,4,78.64
873,40,5,301.81
873,18,2,36.25
874,19,5,129.28
874,10,4,244.06
874,8,4,133.15
875,4,5,62.75
875,42,1,41.05
875,50,1,324.16
875,23,3,145.8
877,2,3,185.29
877,12,3,172.7
877,44,4,79.11
877,35,5,39.98
878,16,4,179.9
878,25,2,361.62
879,50,5,324.16
879,45,4,54.06
880,14,4,217.68
880,36,2,78.64
880,18,5,36.25
880,32,1,176.51
881,1,1,270.56
881,39,2,94.45
881,33,2,309.81
881,7,3,289.94
882,7,1,289.94
882,43,2,294.03
882,23,4,145.8
883,1,5,270.56
883,29,1,18.95
883,14,3,217.68
883,39,1,94.45
885,50,5,324.16
886,2,4,185.29
886,42,4,41.05
886,10,2,244.06
887,6,2,313.89
887,50,5,324.16
887,44,1,79.11
888,32,1,176.51
888,9,1,109.33
888,34,4,37.56
888,29,4,18.95
889,41,4,330.06
889,39,2,94.45
889,18,4,36.25
890,28,1,15.06
891,14,1,217.68
891,10,2,244.06
891,45,3,54.06
892,40,4,301.81
892,25,4,361.62
892,2,1,185.29
892,30,1,204.67
893,11,4,24.6
893,36,2,78.64
895,18,3,36.25
895,15,2,46.94
895,34,2,37.56
895,9,1,109.33
897,42,2,41.05
898,1,1,270.56
898,46,5,180.09
898,6,4,313.89
899,5,1,260.5
899,35,1,39.98
901,7,2,289.94
901,23,4,145.8
901,13,3,168.18
902,37,2,34.53
902,11,1,24.6
903,14,4,217.68
903,21,1,148.97
904,14,4,217.68
905,20,4,193.39
905,32,1,176.51
905,30,5,204.67
906,14,1,217.68
907,30,2,204.67
907,1,2,270.56
907,13,3,168.18
907,29,2,18.95
908,38,1,312.39
908,31,1,32.87
909,26,1,300.59
909,37,1,34.53
909,6,3,313.89
909,41,2,330.06
910,25,2,361.62
911,15,2,46.94
912,3,1,13.48
912,36,4,78.64
913,46,3,180.09
914,32,5,176.51
914,1,2,270.56
914,5,5,260.5
915,26,5,300.59
915,40,4,301.81
916,22,1,102.15
916,25,2,361.62
916,33,2,309.81
916,21,1,148.97
918,33,3,309.81
918,6,2,313.89
918,50,1,324.16
919,32,3,176.51
919,4,1,62.75
919,17,4,247.36
919,12,2,172.7
920,42,2,41.05
920,27,1,108.78
920,18,3,36.25
920,32,5,176.51
921,2,1,185.29
921,43,1,294.03
921,22,2,102.15
922,34,3,37.56
922,1,5,270.56
922,2,4,185.29
922,13,1,168.18
923,17,3,247.36
923,44,1,79.11
924,29,4,18.95
924,45,2,54.06
924,48,3,262.11
926,28,3,15.06
926,8,4,133.15
927,17,3,247.36
928,11,5,24.6
929,18,4,36.25
929,25,5,361.62
929,47,2,97.51
929,4,5,62.75
930,22,2,102.15
931,16,5,179.9
932,12,3,172.7
933,44,4,79.11
933,16,2,179.9
934,28,1,15.06
935,28,3,15.06
935,14,4,217.68
936,31,2,32.87
936,50,2,324.16
936,9,4,109.33
937,21,1,148.97
937,1,2,270.56
938,13,3,168.18
938,15,2,46.94
938,7,3,289.94
938,9,3,109.33
939,41,5,330.06
941,34,3,37.56
941,3,1,13.48
941,30,2,204.67
941,16,3,179.9
943,36,2,78.64
943,29,2,18.95
943,9,5,109.33
944,3,2,13.48
945,1,5,270.56
945,42,4,41.05
946,33,2,309.81
946,29,4,18.95
946,4,1,62.75
947,33,4,309.81
949,42,2,41.05
950,37,2,34.53
951,5,2,260.5
951,7,1,289.94
952,13,5,168.18
952,16,5,179.9
954,6,2,313.89
954,17,5,247.36
955,18,4,36.25
956,45,3,54.06
956,44,2,79.11
956,48,2,262.11
956,16,2,179.9
957,27,2,108.78
957,42,5,41.05
957,35,2,39.98
957,21,3,148.97
958,30,5,204.67
958,17,4,247.36
958,14,2,217.68
959,36,4,78.64
959,20,1,193.39
959,41,3,330.06
960,18,4,36.25
960,17,2,247.36
960,28,4,15.06
960,42,4,41.05
961,10,5,244.06
961,34,5,37.56
961,18,4,36.25
961,27,2,108.78
962,13,1,168.18
962,35,4,39.98
962,43,4,294.03
962,27,1,108.78
963,18,5,36.25
963,3,5,13.48
963,1,2,270.56
965,10,3,244.06
965,22,4,102.15
967,43,3,294.03
967,18,4,36.25
967,17,3,247.36
967,34,4,37.56
968,6,1,313.89
968,17,3,247.36
968,37,2,34.53
968,26,4,300.59
969,50,2,324.16
969,14,2,217.68
970,38,1,312.39
971,24,4,92.59
971,13,4,168.18
971,17,4,247.36
972,46,3,180.09
972,43,4,294.03
972,49,4,415.76
972,16,3,179.9
973,17,4,247.36
974,14,1,217.68
975,35,5,39.98
975,17,2,247.36
975,1,2,270.56
975,41,4,330.06
976,38,3,312.39
976,23,5,145.8
976,12,4,172.7
978,27,1,108.78
978,16,4,179.9
978,21,4,148.97
979,11,2,24.6
979,45,4,54.06
981,8,3,133.15
982,24,2,92.59
983,44,5,79.11
983,6,4,313.89
983,36,2,78.64
984,34,2,37.56
984,45,5,54.06
984,11,5,24.6
985,36,1,78.64
985,24,1,92.59
986,41,4,330.06
987,20,5,193.39
987,33,1,309.81
987,43,5,294.03
987,41,2,330.06
988,17,2,247.36
988,33,4,309.81
988,39,3,94.45
988,44,3,79.11
989,17,5,247.36
989,19,3,129.28
989,10,4,244.06
989,49,1,415.76
991,14,5,217.68
992,28,2,15.06
992,39,3,94.45
992,17,2,247.36
993,35,3,39.98
993,13,1,168.18
993,9,2,109.33
993,12,4,172.7
994,42,1,41.05
995,42,4,41.05
997,22,3,102.15
997,10,4,244.06
997,30,2,204.67
997,36,2,78.64
998,46,2,180.09
998,38,2,312.39
998,47,2,97.51
999,43,2,294.03
999,48,5,262.11
999,8,1,133.15
999,7,4,289.94
1000,49,2,415.76
1000,21,2,148.97
1001,43,2,294.03
1002,10,3,244.06
1002,45,4,54.06
1004,47,5,97.51
1004,2,1,185.29
1004,50,2,324.16
1004,32,1,176.51
1005,11,1,24.6
1005,19,4,129.28
1005,45,1,54.06
1006,27,1,108.78
1006,47,3,97.51
1006,23,1,145.8
1007,13,4,168.18
1007,39,4,94.45
1008,30,1,204.67
1009,13,3,168.18
1010,2,5,185.29
1011,29,1,18.95
1012,1,5,270.56
1012,21,1,148.97
1013,11,5,24.6
1013,10,5,244.06
1013,2,3,185.29
1013,19,4,129.28
1014,50,3,324.16
1014,39,5,94.45
1014,8,4,133.15
1014,5,3,260.5
1015,17,3,247.36
1015,38,3,312.39
1015,12,2,172.7
1016,48,4,262.11
1016,15,4,46.94
1016,2,5,185.29
1017,41,3,330.06
1018,11,1,24.6
1018,15,1,46.94
1018,23,4,145.8
1019,17,2,247.36
1019,42,1,41.05
1019,29,5,18.95
1019,31,1,32.87
1020,9,2,109.33
1020,40,3,301.81
1020,37,4,34.53
1021,7,5,289.94
1021,36,4,78.64
1021,2,2,185.29
1021,5,1,260.5
1022,7,1,289.94
1022,47,3,97.51
1022,30,1,204.67
1023,39,4,94.45
1023,34,2,37.56
1023,31,5,32.87
1024,45,4,54.06
1024,48,5,262.11
1024,42,1,41.05
1024,44,3,79.11
1025,39,4,94.45
1025,48,1,262.11
1025,19,4,129.28
1025,9,3,109.33
1026,3,2,13.48
1026,19,5,129.28
1027,36,2,78.64
1028,24,1,92.59
1028,23,3,145.8
1028,48,5,262.11
1028,43,4,294.03
1029,2,4,185.29
1029,49,1,415.76
1030,48,5,262.11
1030,30,2,204.67
1030,38,2,312.39
1030,14,2,217.68
1031,38,1,312.39
1031,39,1,94.45
1032,26,1,300.59
1032,49,2,415.76
1032,31,3,32.87
1032,44,4,79.11
1033,43,2,294.03
1033,30,3,204.67
1033,33,4,309.81
1034,48,2,262.11
1035,45,1,54.06
1035,7,3,289.94
1035,33,2,309.81
1035,11,5,24.6
1037,19,3,129.28
1038,43,4,294.03
1038,15,5,46.94
1038,6,4,313.89
1038,22,2,102.15
1039,16,3,179.9
1039,20,1,193.39
1040,4,1,62.75
1040,6,1,313.89
1040,29,1,18.95
1041,34,5,37.56
1041,5,2,260.5
1041,10,1,244.06
1042,20,2,193.39
1042,48,3,262.11
1042,41,4,330.06
1044,21,3,148.97
1045,20,5,193.39
1046,4,4,62.75
1046,41,4,330.06
1047,27,3,108.78
1047,39,2,94.45
1047,7,5,289.94
1048,1,1,270.56
1048,6,4,313.89
1049,12,5,172.7
1050,32,3,176.51
1050,14,2,217.68
1050,26,3,300.59
1050,8,2,133.15
1051,50,4,324.16
1051,49,2,415.76
1051,9,5,109.33
1051,30,3,204.67
1053,42,1,41.05
1053,17,5,247.36
1054,49,3,415.76
1054,42,5,41.05
1054,46,1,180.09
1055,46,5,180.09
1055,13,4,168.18
1055,39,2,94.45
1056,30,3,204.67
1056,43,4,294.03
1056,32,1,176.51
1056,16,3,179.9
1057,4,2,62.75
1057,10,2,244.06
1058,48,2,262.11
1059,42,4,41.05
1059,24,3,92.59
1059,29,2,18.95
1059,25,1,361.62
1061,47,3,97.51
1061,18,4,36.25
1061,34,4,37.56
1061,27,3,108.78
1062,35,4,39.98
1062,29,1,18.95
1062,49,5,415.76
1062,45,3,54.06
1063,42,2,41.05
1063,37,5,34.53
1063,39,4,94.45
1064,18,2,36.25
1065,4,5,62.75
1065,41,1,330.06
1065,25,3,361.62
1066,30,2,204.67
1066,7,5,289.94
1066,8,2,133.15
1066,12,4,172.7
1067,50,3,324.16
1067,12,2,172.7
1067,5,2,260.5
1067,27,2,108.78
1068,32,1,176.51
1068,24,3,92.59
1069,17,2,247.36
1070,33,4,309.81
1070,34,2,37.56
1070,16,1,179.9
1070,43,1,294.03
1071,23,4,145.8
1071,7,2,289.94
1071,43,1,294.03
1073,31,5,32.87
1074,42,5,41.05
1074,36,4,78.64
1074,25,2,361.62
1075,34,2,37.56
1075,24,1,92.59
1075,8,1,133.15
1075,38,2,312.39
1076,9,4,109.33
1076,37,3,34.53
1076,22,5,102.15
1076,13,2,168.18
1077,4,1,62.75
1077,13,4,168.18
1077,48,4,262.11
1077,28,3,15.06
1078,50,3,324.16
1078,7,1,289.94
1078,33,1,309.81
1078,1,1,270.56
1079,19,1,129.28
1080,28,5,15.06
1080,8,2,133.15
1080,39,1,94.45
1080,18,5,36.25
1081,25,3,361.62
1081,33,1,309.81
1081,4,5,62.75
1081,46,2,180.09
1082,22,4,102.15
1082,36,4,78.64
1082,2,3,185.29
1082,8,5,133.15
1084,9,1,109.33
1084,28,3,15.06
1085,47,5,97.51
1086,25,4,361.62
1086,42,1,41.05
1087,8,5,133.15
1087,2,5,185.29
1087,34,5,37.56
1087,43,4,294.03
1088,35,5,39.98
1089,44,2,79.11
1090,46,2,180.09
1091,32,1,176.51
1091,47,5,97.51
1092,26,3,300.59
1092,5,1,260.5
1092,24,1,92.59
1092,27,2,108.78
1093,10,2,244.06
1093,44,1,79.11
1094,10,1,244.06
1094,41,1,330.06
1094,30,1,204.67
1095,30,3,204.67
1095,5,5,260.5
1095,49,2,415.76
1096,12,1,172.7
1096,50,2,324.16
1096,22,3,102.15
1096,47,1,97.51
1097,1,5,270.56
1097,30,4,204.67
1097,21,2,148.97
1099,21,3,148.97
1099,11,5,24.6
1099,42,3,41.05
1099,1,5,270.56
1100,17,1,247.36
1100,30,1,204.67
1101,8,1,133.15
1101,2,2,185.29
1102,43,3,294.03
1102,25,2,361.62
1104,23,5,145.8
1104,47,5,97.51
1105,26,5,300.59
1105,50,3,324.16
1106,23,2,145.8
1106,45,5,54.06
1106,29,4,18.95
1107,2,5,185.29
1109,5,3,260.5
1109,18,4,36.25
1109,31,2,32.87
1110,30,4,204.67
1110,15,1,46.94
1110,41,3,330.06
1110,12,4,172.7
1111,25,5,361.62
1111,17,2,247.36
1112,49,3,415.76
1113,35,3,39.98
1113,48,5,262.11
1114,39,4,94.45
1114,22,2,102.15
1116,13,4,168.18
1116,31,4,32.87
1116,32,1,176.51
1117,22,1,102.15
1117,10,3,244.06
1118,41,5,330.06
1119,21,5,148.97
1120,50,1,324.16
1120,37,3,34.53
1120,16,1,179.9
1120,28,3,15.06
1121,4,3,62.75
1121,20,2,193.39
1121,26,2,300.59
1122,48,1,262.11
1122,22,1,102.15
1122,32,4,176.51
1123,9,4,109.33
1123,45,1,54.06
1124,16,2,179.9
1125,46,5,180.09
1125,49,4,415.76
1125,48,1,262.11
1126,13,5,168.18
1126,8,3,133.15
1126,5,5,260.5
1127,44,5,79.11
1127,15,1,46.94
1127,14,1,217.68
1128,1,3,270.56
1128,28,4,15.06
1129,27,3,108.78
1129,42,5,41.05
1130,48,4,262.11
1130,50,5,324.16
1130,44,2,79.11
1130,13,3,168.18
1131,16,5,179.9
1132,49,2,415.76
1132,47,2,97.51
1133,19,5,129.28
1133,39,3,94.45
1133,44,1,79.11
1133,4,3,62.75
1134,33,5,309.81
1134,35,4,39.98
1135,43,2,294.03
1135,32,4,176.51
1135,46,3,180.09
1135,10,4,244.06
1136,43,3,294.03
1136,25,4,361.62
1136,15,5,46.94
1137,24,3,92.59
1137,11,1,24.6
1138,43,4,294.03
1138,36,3,78.64
1138,6,1,313.89
1139,49,1,415.76
1140,2,1,185.29
1140,39,2,94.45
1142,19,1,129.28
1144,10,5,244.06
1144,24,4,92.59
1144,44,1,79.11
1145,26,5,300.59
1145,18,2,36.25
1145,6,4,313.89
1145,10,4,244.06
1146,31,4,32.87
1147,8,5,133.15
1148,22,1,102.15
1148,9,4,109.33
1149,45,2,54.06
1149,42,5,41.05
1149,18,5,36.25
1150,48,5,262.11
1151,23,2,145.8
1151,50,5,324.16
1151,5,2,260.5
1151,2,2,185.29
1152,22,3,102.15
1153,38,5,312.39
1153,6,3,313.89
1154,23,4,145.8
1155,36,4,78.64
1155,44,2,79.11
1155,3,3,13.48
1155,11,1,24.6
1156,1,2,270.56
1156,39,5,94.45
1156,40,1,301.81
1157,35,3,39.98
1157,29,4,18.95
1157,4,3,62.75
1158,26,2,300.59
1158,17,1,247.36
1158,23,5,145.8
1159,20,2,193.39
1159,46,3,180.09
1159,43,5,294.03
1159,23,1,145.8
1160,2,5,185.29
1160,24,4,92.59
1160,17,1,247.36
1160,26,3,300.59
1161,33,5,309.81
1162,13,3,168.18
1162,38,3,312.39
1162,8,3,133.15
1162,11,1,24.6
1163,18,3,36.25
1164,9,4,109.33
1164,12,3,172.7
1165,49,1,415.76
1166,10,4,244.06
1166,19,2,129.28
1166,35,1,39.98
1166,12,5,172.7
1167,37,4,34.53
1167,42,1,41.05
1168,23,1,145.8
1168,45,2,54.06
1168,26,3,300.59
1168,35,2,39.98
1169,48,4,262.11
1169,14,3,217.68
1169,16,3,179.9
1169,42,3,41.05
1171,4,2,62.75
1171,33,5,309.81
1171,22,3,102.15
1171,32,1,176.51
1172,38,4,312.39
1172,10,2,244.06
1172,43,2,294.03
1172,18,3,36.25
1173,49,1,415.76
1173,39,3,94.45
1173,30,2,204.67
1173,43,1,294.03
1174,22,3,102.15
1174,7,1,289.94
1175,25,4,361.62
1175,12,4,172.7
1176,22,1,102.15
1176,5,2,260.5
1176,15,2,46.94
1177,28,3,15.06
1177,22,1,102.15
1177,42,4,41.05
1177,8,4,133.15
1178,33,2,309.81
1178,11,3,24.6
1178,44,4,79.11
1178,50,5,324.16
1179,32,2,176.51
1179,1,1,270.56
1179,31,1,32.87
1179,21,1,148.97
1180,19,2,129.28
1180,41,3,330.06
1181,25,2,361.62
1182,14,3,217.68
1183,24,5,92.59
1183,40,1,301.81
1183,29,4,18.95
1183,26,4,300.59
1184,25,3,361.62
1184,6,4,313.89
1184,43,1,294.03
1186,40,2,301.81
1186,46,5,180.09
1186,44,2,79.11
1186,47,5,97.51
1187,33,2,309.81
1187,27,3,108.78
1188,30,3,204.67
1189,1,4,270.56
1189,37,2,34.53
1190,8,1,133.15
1190,34,5,37.56
1190,23,5,145.8
1190,6,2,313.89
1191,46,5,180.09
1191,9,2,109.33
1192,27,1,108.78
1192,47,2,97.51
1193,1,1,270.56
1193,8,3,133.15
1193,40,2,301.81
1193,23,2,145.8
1194,9,1,109.33
1194,46,5,180.09
1194,28,2,15.06
1194,40,1,301.81
1195,39,4,94.45
1196,12,5,172.7
1196,14,3,217.68
1196,47,2,97.51
1196,46,2,180.09
1197,20,4,193.39
1197,2,4,185.29
1197,6,1,313.89
1198,45,1,54.06
1198,29,3,18.95
1198,35,1,39.98
1198,50,3,324.16
1199,26,3,300.59
1199,24,3,92.59
1199,47,4,97.51
1200,37,3,34.53
1200,2,1,185.29
1201,17,1,247.36
1201,44,1,79.11
1202,12,3,172.7
1203,5,3,260.5
1203,15,4,46.94
1204,32,5,176.51
1204,33,1,309.81
1204,39,4,94.45
1205,25,3,361.62
1205,42,4,41.05
1206,18,3,36.25
1206,47,3,97.51
1206,17,1,247.36
1207,20,1,193.39
1208,22,3,102.15
1208,26,3,300.59
1209,41,5,330.06
1209,4,5,62.75
1209,1,5,270.56
1210,1,2,270.56
1210,31,3,32.87
1210,46,2,180.09
1211,37,1,34.53
1211,46,1,180.09
1211,39,2,94.45
1211,41,5,330.06
1212,10,1,244.06
1213,50,2,324.16
1213,44,4,79.11
1214,41,1,330.06
1216,47,3,97.51
1216,49,4,415.76
1216,42,2,41.05
1217,12,1,172.7
1217,34,2,37.56
1218,13,4,168.18
1218,19,5,129.28
1219,26,5,300.59
1219,36,3,78.64
1219,4,3,62.75
1220,10,1,244.06
1220,34,4,37.56
1220,15,1,46.94
1220,35,4,39.98
1221,16,5,179.9
1221,39,5,94.45
1221,28,1,15.06
1221,15,2,46.94
1222,20,2,193.39
1222,19,3,129.28
1222,16,1,179.9
1223,11,2,24.6
1224,25,4,361.62
1224,26,5,300.59
1224,30,5,204.67
1224,33,1,309.81
1225,10,4,244.06
1225,13,5,168.18
1226,21,5,148.97
1226,5,4,260.5
1226,49,4,415.76
1226,8,5,133.15
1227,43,2,294.03
1227,26,2,300.59
1227,6,1,313.89
1228,16,5,179.9
1228,40,2,301.81
1230,36,5,78.64
1231,6,5,313.89
1231,17,5,247.36
1231,50,3,324.16
1231,36,3,78.64
1233,3,3,13.48
1233,12,3,172.7
1234,43,2,294.03
1235,18,1,36.25
1235,47,5,97.51
1236,24,3,92.59
1236,10,1,244.06
1237,2,3,185.29
1237,9,2,109.33
1238,14,1,217.68
1238,30,2,204.67
1238,26,2,300.59
1239,44,1,79.11
1241,38,5,312.39
1241,25,3,361.62
1241,24,3,92.59
1242,35,5,39.98
1243,46,2,180.09
1243,35,4,39.98
1243,19,5,129.28
1244,44,3,79.11
1244,38,1,312.39
1244,32,1,176.51
1245,11,2,24.6
1245,28,3,15.06
1245,10,2,244.06
1246,36,1,78.64
1246,30,5,204.67
1246,1,5,270.56
1247,9,4,109.33
1248,29,5,18.95
1248,10,5,244.06
1248,7,2,289.94
1250,27,2,108.78
1250,9,3,109.33
1250,29,3,18.95
1250,22,2,102.15
1251,44,2,79.11
1251,27,4,108.78
1251,41,2,330.06
1251,48,4,262.11
1252,39,2,94.45
1252,2,4,185.29
1252,22,1,102.15
1254,40,2,301.81
1254,28,4,15.06
1254,39,2,94.45
1254,17,2,247.36
1255,6,5,313.89
1255,26,4,300.59
1256,43,3,294.03
1256,3,1,13.48
1257,35,2,39.98
1257,28,2,15.06
1257,32,4,176.51
1258,13,1,168.18
1258,9,2,109.33
1260,17,4,247.36
1261,11,4,24.6
1261,5,4,260.5
1262,3,5,13.48
1263,49,1,415.76
1263,26,5,300.59
1264,18,4,36.25
1265,19,1,129.28
1265,6,1,313.89
1265,21,1,148.97
1265,34,1,37.56
1266,3,2,13.48
1266,16,1,179.9
1267,47,2,97.51
1267,3,5,13.48
1267,36,1,78.64
1268,1,1,270.56
1270,14,1,217.68
1270,1,2,270.56
1270,18,2,36.25
1271,1,5,270.56
1271,4,4,62.75
1271,19,2,129.28
1271,31,3,32.87
1273,12,4,172.7
1273,29,2,18.95
1273,46,2,180.09
1274,38,5,312.39
1275,27,5,108.78
1275,15,1,46.94
1275,47,1,97.51
1276,15,1,46.94
1277,46,1,180.09
1277,28,5,15.06
1277,49,4,415.76
1278,8,1,133.15
1278,30,2,204.67
1279,47,2,97.51
1280,13,4,168.18
1280,8,2,133.15
1280,22,3,102.15
1280,46,3,180.09
1281,2,4,185.29
1281,21,1,148.97
1282,48,2,262.11
1282,10,1,244.06
1282,43,2,294.03
1282,46,1,180.09
1283,29,3,18.95
1283,45,1,54.06
1283,31,5,32.87
1284,1,1,270.56
1284,10,3,244.06
1284,5,1,260.5
1285,47,5,97.51
1286,5,2,260.5
1286,42,4,41.05
1287,29,5,18.95
1287,42,2,41.05
1287,36,4,78.64
1288,23,3,145.8
1288,45,5,54.06
1289,9,3,109.33
1289,12,1,172.7
1289,29,3,18.95
1290,3,3,13.48
1290,7,3,289.94
1290,19,1,129.28
1290,16,1,179.9
1291,44,2,79.11
1291,2,3,185.29
1292,39,4,94.45
1292,11,4,24.6
1293,3,1,13.48
1293,8,1,133.15
1293,21,5,148.97
1293,5,4,260.5
1294,35,2,39.98
1294,34,1,37.56
1294,9,3,109.33
1295,49,2,415.76
1295,16,4,179.9
1297,31,3,32.87
1297,33,4,309.81
1297,10,4,244.06
1299,38,4,312.39
1299,34,5,37.56
1299,43,3,294.03
1299,40,2,301.81
1300,50,4,324.16
1300,8,4,133.15
1301,34,5,37.56
1301,4,5,62.75
1301,50,4,324.16
1301,7,5,289.94
1302,14,4,217.68
1302,21,1,148.97
1303,32,5,176.51
1303,46,5,180.09
1303,7,2,289.94
1303,16,1,179.9
1305,2,3,185.29
1305,49,1,415.76
1306,2,1,185.29
1306,38,3,312.39
1307,26,2,300.59
1307,45,1,54.06
1307,16,1,179.9
1307,23,3,145.8
1308,16,2,179.9
1308,47,3,97.51
1308,15,4,46.94
1309,41,5,330.06
1309,15,4,46.94
1310,12,2,172.7
1310,50,2,324.16
1311,11,2,24.6
1312,25,2,361.62
1313,12,1,172.7
1313,39,4,94.45
1313,21,3,148.97
1313,48,1,262.11
1314,40,5,301.81
1315,43,4,294.03
1316,1,1,270.56
1316,9,2,109.33
1317,9,2,109.33
1317,43,1,294.03
1317,2,2,185.29
1318,14,1,217.68
1319,10,2,244.06
1319,49,2,415.76
1319,35,4,39.98
1319,36,2,78.64
1321,18,4,36.25
1321,28,4,15.06
1321,25,3,361.62
1322,31,1,32.87
1322,36,3,78.64
1322,45,1,54.06
1322,37,2,34.53
1323,5,1,260.5
1324,34,5,37.56
1324,21,2,148.97
1325,43,4,294.03
1326,33,4,309.81
1326,1,5,270.56
1326,41,3,330.06
1326,20,5,193.39
1327,1,2,270.56
1327,26,4,300.59
1327,40,2,301.81
1328,48,1,262.11
1328,31,5,32.87
1328,14,4,217.68
1329,3,2,13.48
1329,16,4,179.9
1330,30,2,204.67
1331,13,2,168.18
1331,24,5,92.59
1331,40,5,301.81
1331,50,1,324.16
1332,36,4,78.64
1332,10,3,244.06
1332,2,4,185.29
1332,35,4,39.98
1333,28,1,15.06
1333,31,3,32.87
1334,7,2,289.94
1334,29,3,18.95
1334,1,1,270.56
1334,4,1,62.75
1335,30,3,204.67
1336,48,1,262.11
1336,4,2,62.75
1336,40,3,301.81
1337,43,5,294.03
1337,40,1,301.81
1338,31,2,32.87
1339,40,3,301.81
1340,7,5,289.94
1340,22,2,102.15
1341,39,2,94.45
1342,34,1,37.56
1342,38,5,312.39
1342,47,5,97.51
1343,6,5,313.89
1345,17,1,247.36
1345,50,1,324.16
1345,11,3,24.6
1345,3,1,13.48
1346,43,1,294.03
1346,22,3,102.15
1346,39,3,94.45
1347,43,5,294.03
1347,37,2,34.53
1347,34,3,37.56
1347,5,4,260.5
1349,32,2,176.51
1349,19,1,129.28
1349,33,3,309.81
1350,48,5,262.11
1350,37,1,34.53
1350,30,5,204.67
1350,25,2,361.62
1351,49,5,415.76
1352,11,4,24.6
1352,44,5,79.11
1352,41,1,330.06
1352,46,3,180.09
1353,27,2,108.78
1353,14,4,217.68
1354,39,1,94.45
1355,14,2,217.68
1355,34,2,37.56
1356,30,5,204.67
1356,42,5,41.05
1357,39,4,94.45
1357,47,2,97.51
1357,12,3,172.7
1358,28,3,15.06
1358,34,5,37.56
1358,23,4,145.8
1359,35,4,39.98
1360,11,2,24.6
1360,27,5,108.78
1361,16,2,179.9
1362,43,1,294.03
1362,37,1,34.53
1362,23,2,145.8
1362,21,3,148.97
1363,45,4,54.06
1364,7,4,289.94
1365,48,2,262.11
1365,16,3,179.9
1365,2,2,185.29
1366,24,3,92.59
1367,31,3,32.87
1367,39,1,94.45
1367,40,1,301.81
1368,19,4,129.28
1368,41,3,330.06
1369,21,3,148.97
1369,6,4,313.89
1369,39,2,94.45
1369,13,1,168.18
1370,49,1,415.76
1370,5,3,260.5
1370,24,3,92.59
1370,4,4,62.75
1372,25,5,361.62
1372,6,2,313.89
1372,1,4,270.56
1372,24,3,92.59
1373,12,3,172.7
1373,49,1,415.76
1373,16,4,179.9
1374,1,3,270.56
1374,24,1,92.59
1374,12,5,172.7
1374,46,1,180.09
1375,42,5,41.05
1375,8,1,133.15
1376,45,1,54.06
1376,25,3,361.62
1377,8,2,133.15
1377,4,5,62.75
1377,48,4,262.11
1377,7,1,289.94
1378,42,4,41.05
1378,44,4,79.11
1379,12,3,172.7
1380,1,4,270.56
1380,28,5,15.06
1380,15,4,46.94
1380,31,1,32.87
1381,28,2,15.06
1382,3,4,13.48
1383,34,2,37.56
1383,4,4,62.75
1383,31,3,32.87
1383,46,1,180.09
1384,16,3,179.9
1384,17,5,247.36
1384,10,4,244.06
1385,47,4,97.51
1385,12,1,172.7
1386,30,4,204.67
1386,1,1,270.56
1386,48,5,262.11
1387,28,4,15.06
1387,41,2,330.06
1388,48,3,262.11
1388,11,5,24.6
1389,11,5,24.6
1390,43,1,294.03
1390,35,3,39.98
1390,11,4,24.6
1390,14,4,217.68
1391,38,1,312.39
1391,39,2,94.45
1392,13,4,168.18
1393,4,3,62.75
1393,38,2,312.39
1393,24,1,92.59
1394,50,1,324.16
1394,14,3,217.68
1395,26,1,300.59
1395,43,3,294.03
1395,9,4,109.33
1395,3,4,13.48
1396,45,3,54.06
1396,42,2,41.05
1397,50,1,324.16
1398,35,3,39.98
1398,22,3,102.15
1398,41,2,330.06
1398,26,2,300.59
1399,16,4,179.9
1399,8,4,133.15
1399,9,4,109.33
1400,42,4,41.05
1400,18,3,36.25
1402,22,1,102.15
1402,33,5,309.81
1402,26,5,300.59
1402,37,2,34.53
1403,28,5,15.06
1404,7,3,289.94
1404,46,3,180.09
1405,11,2,24.6
1406,16,2,179.9
1406,17,4,247.36
1406,50,3,324.16
1406,40,1,301.81
1407,11,3,24.6
1407,50,5,324.16
1407,28,1,15.06
1407,31,4,32.87
1408,43,4,294.03
1408,19,5,129.28
1410,22,1,102.15
1411,26,2,300.59
1411,38,4,312.39
1412,4,5,62.75
1412,38,4,312.39
1413,17,3,247.36
1413,2,2,185.29
1414,48,5,262.11
1414,38,1,312.39
1415,50,3,324.16
1415,27,1,108.78
1415,4,3,62.75
1416,8,5,133.15
1416,1,1,270.56
1416,3,4,13.48
1417,13,4,168.18
1417,10,4,244.06
1417,8,3,133.15
1417,38,3,312.39
1418,38,5,312.39
1418,24,3,92.59
1418,4,1,62.75
1418,11,2,24.6
1419,28,4,15.06
1419,19,3,129.28
1419,46,2,180.09
1419,22,5,102.15
1420,30,5,204.67
1420,10,4,244.06
1421,5,3,260.5
1421,19,4,129.28
1421,36,3,78.64
1421,16,5,179.9
1422,8,1,133.15
1423,14,1,217.68
1424,48,5,262.11
1425,21,1,148.97
1425,16,4,179.9
1425,10,5,244.06
1425,27,5,108.78
1427,32,4,176.51
1428,5,3,260.5
1429,5,2,260.5
1429,17,2,247.36
1429,39,4,94.45
1429,47,5,97.51
1430,42,1,41.05
1430,50,2,324.16
1430,47,4,97.51
1430,23,1,145.8
1431,26,4,300.59
1431,6,4,313.89
1431,27,4,108.78
1432,1,3,270.56
1433,24,5,92.59
1433,10,3,244.06
1434,22,3,102.15
1434,25,3,361.62
1434,20,4,193.39
1435,41,1,330.06
1435,38,4,312.39
1436,20,1,193.39
1437,21,2,148.97
1438,30,5,204.67
1438,49,5,415.76
1438,16,3,179.9
1439,23,2,145.8
1439,42,5,41.05
1439,50,4,324.16
1440,17,5,247.36
1440,10,4,244.06
1441,24,5,92.59
1441,36,4,78.64
1442,13,5,168.18
1443,33,2,309.81
1443,43,4,294.03
1443,42,2,41.05
1443,7,4,289.94
1445,48,5,262.11
1445,20,2,193.39
1445,45,4,54.06
1446,44,1,79.11
1446,5,2,260.5
1447,46,5,180.09
1448,20,3,193.39
1448,7,5,289.94
1448,23,2,145.8
1448,46,3,180.09
1449,33,1,309.81
1449,44,1,79.11
1450,41,4,330.06
1451,47,5,97.51
1452,40,1,301.81
1452,19,5,129.28
1453,31,5,32.87
1455,6,1,313.89
1455,17,2,247.36
1455,25,4,361.62
1455,40,3,301.81
1456,34,2,37.56
1456,28,2,15.06
1457,47,2,97.51
1457,13,5,168.18
1457,50,2,324.16
1458,38,3,312.39
1458,44,1,79.11
1458,37,3,34.53
1458,47,1,97.51
1459,47,1,97.51
1459,6,5,313.89
1460,32,1,176.51
1462,36,5,78.64
1462,49,1,415.76
1462,35,1,39.98
1462,3,2,13.48
1463,42,3,41.05
1463,21,2,148.97
1463,1,1,270.56
1464,31,4,32.87
1465,16,2,179.9
1465,48,4,262.11
1465,34,1,37.56
1466,23,1,145.8
1466,48,4,262.11
1466,1,1,270.56
1466,30,4,204.67
1467,34,2,37.56
1468,18,4,36.25
1468,5,3,260.5
1468,15,4,46.94
1468,24,2,92.59
1470,3,3,13.48
1470,35,1,39.98
1471,9,5,109.33
1471,6,5,313.89
1472,3,1,13.48
1474,3,3,13.48
1474,23,4,145.8
1474,14,5,217.68
1475,38,2,312.39
1476,49,1,415.76
1476,31,2,32.87
1476,45,5,54.06
1477,42,5,41.05
1478,41,5,330.06
1479,23,2,145.8
1479,33,3,309.81
1480,9,2,109.33
1482,50,3,324.16
1483,4,2,62.75
1483,23,1,145.8
1484,18,3,36.25
1484,13,3,168.18
1485,35,2,39.98
1485,18,1,36.25
1485,44,3,79.11
1485,42,5,41.05
1486,5,4,260.5
1486,3,4,13.48
1486,45,4,54.06
1487,6,2,313.89
1487,11,3,24.6
1487,33,2,309.81
1487,31,2,32.87
1489,3,4,13.48
1489,31,1,32.87
1489,2,5,185.29
1490,20,2,193.39
1490,5,2,260.5
1490,37,4,34.53
1491,35,4,39.98
1491,19,4,129.28
1491,33,5,309.81
1491,40,3,301.81
1492,49,5,415.76
1492,18,1,36.25
1492,35,5,39.98
1493,18,4,36.25
1493,14,2,217.68
1493,26,5,300.59
1493,37,3,34.53
1495,36,1,78.64
1495,42,4,41.05
1495,37,2,34.53
1496,3,5,13.48
1497,47,5,97.51
1497,13,4,168.18
1497,43,3,294.03
1498,27,4,108.78
1498,14,1,217.68
1498,26,1,300.59
1499,23,3,145.8
1499,19,4,129.28
1500,27,3,108.78
1500,12,2,172.7
1501,26,2,300.59
1502,17,3,247.36
1502,19,2,129.28
1502,38,3,312.39
1503,18,1,36.25
1504,30,1,204.67
1504,49,3,415.76
1504,5,2,260.5
1505,39,5,94.45
1505,23,3,145.8
1505,8,2,133.15
1505,24,5,92.59
1506,4,4,62.75
1507,14,5,217.68
1507,46,2,180.09
1507,48,5,262.11
1508,7,1,289.94
1508,44,5,79.11
1509,11,5,24.6
1509,29,1,18.95
1509,42,5,41.05
1510,15,4,46.94
1510,20,3,193.39
1510,32,3,176.51
1510,17,2,247.36
1511,1,1,270.56
1511,16,4,179.9
1512,24,1,92.59
1512,40,3,301.81
1512,3,4,13.48
1512,4,1,62.75
1513,14,4,217.68
1515,29,5,18.95
1515,20,3,193.39
1516,27,2,108.78
1516,50,5,324.16
1516,22,1,102.15
1516,1,3,270.56
1517,12,5,172.7
1518,38,4,312.39
1519,24,2,92.59
1519,1,4,270.56
1519,5,1,260.5
1520,49,3,415.76
1521,3,1,13.48
1522,4,1,62.75
1522,24,4,92.59
1522,34,3,37.56
1522,37,3,34.53
1523,7,3,289.94
1523,3,4,13.48
1523,48,1,262.11
1524,44,4,79.11
1524,12,5,172.7
1524,3,1,13.48
1525,47,3,97.51
1525,39,4,94.45
1525,35,4,39.98
1525,37,1,34.53
1526,22,5,102.15
1526,5,1,260.5
1526,11,1,24.6
1527,50,1,324.16
1527,30,1,204.67
1528,29,1,18.95
1528,23,3,145.8
1529,18,2,36.25
1529,11,2,24.6
1529,13,1,168.18
1529,12,2,172.7
1530,14,5,217.68
1530,35,1,39.98
1530,17,1,247.36
1531,14,1,217.68
1531,21,1,148.97
1531,40,1,301.81
1532,10,1,244.06
1532,32,3,176.51
1532,38,3,312.39
1533,22,3,102.15
1533,18,2,36.25
1533,46,2,180.09
1533,3,5,13.48
1534,50,1,324.16
1534,20,2,193.39
1534,33,3,309.81
1534,8,2,133.15
1535,22,4,102.15
1535,43,1,294.03
1535,46,5,180.09
1535,1,5,270.56
1536,30,5,204.67
1536,38,4,312.39
1537,19,3,129.28
1537,30,3,204.67
1537,42,4,41.05
1537,28,2,15.06
1538,12,3,172.7
1539,3,1,13.48
1539,14,3,217.68
1539,6,5,313.89
1540,36,2,78.64
1540,30,1,204.67
1541,8,4,133.15
1542,32,2,176.51
1543,39,2,94.45
1544,11,4,24.6
1544,13,2,168.18
1544,8,4,133.15
1544,22,1,102.15
1545,47,2,97.51
1545,18,5,36.25
1545,44,5,79.11
1546,16,3,179.9
1546,41,4,330.06
1546,36,2,78.64
1547,50,2,324.16
1548,29,3,18.95
1548,39,4,94.45
1549,8,5,133.15
1549,41,5,330.06
1549,50,2,324.16
1549,6,4,313.89
1551,18,1,36.25
1551,46,3,180.09
1552,48,2,262.11
1552,2,3,185.29
1552,38,5,312.39
1552,5,1,260.5
1553,46,4,180.09
1553,33,1,309.81
1554,5,2,260.5
1555,49,4,415.76
1556,13,3,168.18
1556,19,1,129.28
1557,31,5,32.87
1557,19,4,129.28
1557,30,3,204.67
1557,1,3,270.56
1558,41,5,330.06
1559,27,3,108.78
1561,39,2,94.45
1561,48,2,262.11
1561,5,4,260.5
1561,28,5,15.06
1562,40,5,301.81
1562,13,3,168.18
1562,21,1,148.97
1562,2,4,185.29
1563,48,3,262.11
1563,12,1,172.7
1563,14,1,217.68
1564,47,4,97.51
1564,9,2,109.33
1564,32,3,176.51
1564,2,2,185.29
1565,35,2,39.98
1565,12,5,172.7
1565,33,3,309.81
1565,25,5,361.62
1566,48,5,262.11
1566,24,4,92.59
1566,35,1,39.98
1566,5,1,260.5
1567,18,1,36.25
1567,17,2,247.36
1568,46,1,180.09
1569,17,5,247.36
1570,9,2,109.33
1570,26,1,300.59
1570,14,5,217.68
1571,5,3,260.5
1572,8,5,133.15
1572,14,4,217.68
1573,33,4,309.81
1573,35,1,39.98
1573,14,2,217.68
1573,45,3,54.06
1574,12,2,172.7
1574,24,2,92.59
1574,42,2,41.05
1574,32,3,176.51
1575,5,5,260.5
1575,16,3,179.9
1575,43,1,294.03
1576,44,2,79.11
1577,28,3,15.06
1577,18,2,36.25
1577,37,2,34.53
1577,42,3,41.05
1578,9,2,109.33
1579,42,3,41.05
1579,7,4,289.94
1580,47,1,97.51
1580,4,4,62.75
1581,13,3,168.18
1581,39,1,94.45
1581,15,2,46.94
1581,26,3,300.59
1582,34,2,37.56
1583,40,5,301.81
1584,20,4,193.39
1584,19,5,129.28
1584,22,1,102.15
1585,50,2,324.16
1585,15,4,46.94
1585,33,1,309.81
1585,28,1,15.06
1586,17,5,247.36
1587,33,2,309.81
1587,39,5,94.45
1587,26,5,300.59
1588,29,2,18.95
1588,42,1,41.05
1589,39,3,94.45
1590,49,4,415.76
1590,38,4,312.39
1590,5,3,260.5
1591,7,4,289.94
1591,23,3,145.8
1591,5,3,260.5
1592,50,1,324.16
1592,44,3,79.11
1592,32,3,176.51
1592,15,3,46.94
1594,35,1,39.98
1594,29,3,18.95
1594,42,5,41.05
1594,6,1,313.89
1595,23,4,145.8
1595,6,2,313.89
1596,16,3,179.9
1596,34,4,37.56
1597,13,2,168.18
1598,27,3,108.78
1598,32,2,176.51
1598,18,1,36.25
1598,2,2,185.29
1599,45,1,54.06
1599,19,3,129.28
1599,7,5,289.94
1599,47,4,97.51
1600,36,3,78.64
1600,3,3,13.48
1601,27,4,108.78
1601,5,5,260.5
1601,6,4,313.89
1602,49,3,415.76
1602,13,2,168.18
1602,20,1,193.39
1603,32,5,176.51
1603,11,1,24.6
1603,44,4,79.11
1604,3,5,13.48
1604,48,3,262.11
1604,25,3,361.62
1604,23,1,145.8
1605,12,4,172.7
1606,44,4,79.11
1606,35,2,39.98
1607,6,5,313.89
1607,42,5,41.05
1607,9,2,109.33
1608,2,4,185.29
1608,38,3,312.39
1608,6,1,313.89
1609,4,1,62.75
1609,44,4,79.11
1609,12,1,172.7
1610,36,3,78.64
1610,32,5,176.51
1611,33,1,309.81
1612,32,3,176.51
1612,3,1,13.48
1612,8,4,133.15
1612,46,3,180.09
1614,38,1,312.39
1615,28,2,15.06
1615,36,3,78.64
1615,39,3,94.45
1616,16,1,179.9
1616,31,3,32.87
1617,39,2,94.45
1617,1,4,270.56
1618,41,3,330.06
1619,28,1,15.06
1619,1,4,270.56
1620,2,2,185.29
1620,42,4,41.05
1620,41,4,330.06
1622,46,1,180.09
1622,19,3,129.28
1622,49,3,415.76
1622,28,5,15.06
1623,20,2,193.39
1623,10,5,244.06
1623,50,4,324.16
1624,18,5,36.25
1624,12,2,172.7
1624,40,2,301.81
1625,16,2,179.9
1625,18,4,36.25
1625,5,5,260.5
1626,27,3,108.78
1626,50,3,324.16
1627,27,3,108.78
1628,39,5,94.45
1628,11,2,24.6
1628,32,4,176.51
1628,50,4,324.16
1629,11,2,24.6
1630,48,3,262.11
1630,29,5,18.95
1630,14,3,217.68
1630,11,4,24.6
1631,28,4,15.06
1631,45,4,54.06
1631,41,4,330.06
1632,40,4,301.81
1632,28,1,15.06
1632,2,5,185.29
1632,50,1,324.16
1633,18,1,36.25
1633,36,2,78.64
1633,37,5,34.53
1633,16,3,179.9
1634,6,5,313.89
1634,25,5,361.62
1635,43,2,294.03
1635,30,5,204.67
1635,27,5,108.78
1636,3,1,13.48
1636,9,4,109.33
1636,14,2,217.68
1637,27,1,108.78
1637,7,4,289.94
1637,5,5,260.5
1637,14,4,217.68
1638,47,1,97.51
1639,46,3,180.09
1640,35,3,39.98
1641,36,3,78.64
1642,19,3,129.28
1642,12,1,172.7
1642,45,1,54.06
1642,37,5,34.53
1643,25,2,361.62
1644,15,5,46.94
1644,33,4,309.81
1645,31,2,32.87
1645,28,2,15.06
1646,1,3,270.56
1646,33,1,309.81
1646,19,4,129.28
1647,47,1,97.51
1647,23,1,145.8
1648,37,2,34.53
1649,16,5,179.9
1650,22,2,102.15
1651,32,1,176.51
1651,6,4,313.89
1652,20,5,193.39
1653,34,4,37.56
1653,18,1,36.25
1653,32,1,176.51
1653,37,3,34.53
1654,48,4,262.11
1654,39,2,94.45
1654,12,2,172.7
1654,11,5,24.6
1655,38,5,312.39
1655,49,4,415.76
1655,28,5,15.06
1657,1,4,270.56
1658,48,1,262.11
1658,38,2,312.39
1659,3,2,13.48
1659,14,2,217.68
1660,49,4,415.76
1660,45,4,54.06
1661,20,3,193.39
1661,13,1,168.18
1661,41,5,330.06
1662,16,3,179.9
1662,45,3,54.06
1662,39,4,94.45
1662,9,4,109.33
1663,36,4,78.64
1664,3,4,13.48
1664,40,2,301.81
1664,22,1,102.15
1664,49,3,415.76
1665,12,1,172.7
1665,11,5,24.6
1665,20,4,193.39
1665,13,1,168.18
1666,21,1,148.97
1666,9,5,109.33
1666,22,4,102.15
1669,30,3,204.67
1670,14,4,217.68
1670,34,4,37.56
1671,13,1,168.18
1671,33,2,309.81
1671,6,3,313.89
1672,25,3,361.62
1672,2,5,185.29
1673,13,5,168.18
1673,18,1,36.25
1673,23,2,145.8
1673,42,2,41.05
1676,11,5,24.6
1676,46,3,180.09
1676,45,4,54.06
1677,4,3,62.75
1677,25,3,361.62
1678,18,1,36.25
1678,23,4,145.8
1678,29,4,18.95
1678,12,4,172.7
1679,47,5,97.51
1679,46,5,180.09
1680,20,2,193.39
1680,7,3,289.94
1680,39,5,94.45
1681,1,5,270.56
1681,42,5,41.05
1681,23,4,145.8
1682,38,1,312.39
1683,35,2,39.98
1684,11,1,24.6
1684,15,1,46.94
1685,46,4,180.09
1685,17,3,247.36
1685,11,2,24.6
1685,4,2,62.75
1686,9,2,109.33
1687,41,4,330.06
1687,4,1,62.75
1687,44,1,79.11
1687,14,5,217.68
1688,36,1,78.64
1688,16,1,179.9
1688,26,1,300.59
1689,38,3,312.39
1689,28,5,15.06
1689,24,1,92.59
1689,40,2,301.81
1690,1,1,270.56
1690,14,4,217.68
1690,32,4,176.51
1691,36,5,78.64
1691,43,5,294.03
1693,40,2,301.81
1693,41,3,330.06
1695,17,4,247.36
1695,12,3,172.7
1695,35,2,39.98
1695,16,2,179.9
1696,30,4,204.67
1696,40,5,301.81
1697,22,1,102.15
1697,27,5,108.78
1698,24,1,92.59
1699,31,1,32.87
1699,4,2,62.75
1700,32,3,176.51
1702,20,5,193.39
1702,45,5,54.06
1702,47,1,97.51
1702,46,3,180.09
1703,33,5,309.81
1703,25,4,361.62
1704,8,2,133.15
1704,50,5,324.16
1705,33,5,309.81
1705,46,3,180.09
1705,9,3,109.33
1705,48,5,262.11
1706,35,1,39.98
1706,34,4,37.56
1707,8,4,133.15
1707,18,1,36.25
1707,17,5,247.36
1707,22,1,102.15
1708,37,5,34.53
1708,14,3,217.68
1709,6,1,313.89
1710,3,2,13.48
1710,37,1,34.53
1710,35,5,39.98
1710,17,5,247.36
1711,19,1,129.28
1711,16,2,179.9
1711,30,3,204.67
1712,13,4,168.18
1712,36,3,78.64
1712,33,1,309.81
1713,27,3,108.78
1713,42,1,41.05
1715,18,5,36.25
1715,10,5,244.06
1716,18,4,36.25
1716,33,5,309.81
1716,32,1,176.51
1717,36,5,78.64
1718,7,3,289.94
1718,23,1,145.8
1718,4,1,62.75
1718,8,3,133.15
1719,14,3,217.68
1719,37,2,34.53
1719,10,3,244.06
1719,1,1,270.56
1720,11,2,24.6
1720,13,5,168.18
1721,28,1,15.06
1721,46,2,180.09
1721,27,4,108.78
1722,28,5,15.06
1723,30,3,204.67
1725,33,4,309.81
1726,14,5,217.68
1727,19,2,129.28
1727,30,3,204.67
1727,16,1,179.9
1727,39,1,94.45
1728,18,4,36.25
1729,47,3,97.51
1729,19,4,129.28
1730,50,3,324.16
1730,5,2,260.5
1730,10,1,244.06
1730,2,1,185.29
1731,9,2,109.33
1732,17,1,247.36
1732,25,5,361.62
1732,12,4,172.7
1732,1,1,270.56
1733,23,4,145.8
1733,37,2,34.53
1733,33,4,309.81
1733,40,4,301.81
1734,40,1,301.81
1734,50,4,324.16
1736,37,5,34.53
1737,42,3,41.05
1737,10,2,244.06
1737,36,3,78.64
1738,5,1,260.5
1738,16,2,179.9
1738,7,2,289.94
1738,6,1,313.89
1739,14,2,217.68
1741,24,5,92.59
1741,7,5,289.94
1741,14,1,217.68
1741,41,1,330.06
1742,47,1,97.51
1742,49,1,415.76
1744,14,2,217.68
1745,5,2,260.5
1745,18,3,36.25
1745,23,1,145.8
1745,22,3,102.15
1746,50,5,324.16
1746,43,2,294.03
1746,10,3,244.06
1747,30,5,204.67
1747,16,4,179.9
1748,20,1,193.39
1748,14,1,217.68
1748,23,1,145.8
1748,1,3,270.56
1749,9,4,109.33
1749,8,3,133.15
1750,4,4,62.75
1750,15,3,46.94
1752,7,5,289.94
1752,33,3,309.81
1752,3,2,13.48
1753,13,3,168.18
1753,5,5,260.5
1753,19,5,129.28
1754,3,1,13.48
1755,41,4,330.06
1755,18,5,36.25
1755,42,4,41.05
1756,42,1,41.05
1756,34,2,37.56
1756,40,2,301.81
1757,46,3,180.09
1757,5,5,260.5
1758,15,1,46.94
1758,10,3,244.06
1759,25,1,361.62
1759,38,2,312.39
1760,26,4,300.59
1760,38,1,312.39
1760,36,1,78.64
1760,11,4,24.6
1761,2,3,185.29
1763,38,5,312.39
1763,13,4,168.18
1763,22,3,102.15
1764,33,1,309.81
1766,39,5,94.45
1766,30,4,204.67
1766,2,4,185.29
1767,49,4,415.76
1768,10,4,244.06
1768,16,1,179.9
1768,41,2,330.06
1768,8,2,133.15
1770,3,2,13.48
1770,25,4,361.62
1770,39,5,94.45
1770,13,1,168.18
1771,20,1,193.39
1771,31,5,32.87
1771,25,3,361.62
1772,30,5,204.67
1773,36,3,78.64
1773,44,5,79.11
1773,40,2,301.81
1774,13,3,168.18
1775,49,4,415.76
1775,4,1,62.75
1775,14,1,217.68
1775,30,5,204.67
1776,25,3,361.62
1776,19,5,129.28
1776,32,4,176.51
1776,8,4,133.15
1777,22,2,102.15
1777,43,4,294.03
1777,44,4,79.11
1778,21,2,148.97
1778,19,1,129.28
1779,25,3,361.62
1779,32,1,176.51
1779,16,2,179.9
1780,42,3,41.05
1780,14,5,217.68
1780,36,4,78.64
1782,13,5,168.18
1783,39,3,94.45
1783,47,3,97.51
1783,33,3,309.81
1784,29,1,18.95
1785,27,5,108.78
1785,26,3,300.59
1785,7,3,289.94
1786,40,4,301.81
1786,7,4,289.94
1787,29,4,18.95
1789,5,4,260.5
1790,1,3,270.56
1791,45,5,54.06
1791,41,2,330.06
1791,5,4,260.5
1791,26,1,300.59
1792,34,3,37.56
1793,45,1,54.06
1793,48,4,262.11
1793,14,2,217.68
1795,32,3,176.51
1795,29,3,18.95
1795,11,4,24.6
1796,49,2,415.76
1796,36,2,78.64
1797,15,5,46.94
1797,4,1,62.75
1798,34,1,37.56
1798,43,1,294.03
1799,43,5,294.03
1799,31,4,32.87
1800,37,1,34.53
1800,18,5,36.25
1800,21,2,148.97
1801,23,3,145.8
1802,21,1,148.97
1802,29,3,18.95
1802,20,5,193.39
1803,7,5,289.94
1804,48,3,262.11
1804,1,1,270.56
1805,41,5,330.06
1806,10,1,244.06
1806,23,5,145.8
1806,48,1,262.11
1806,6,2,313.89
1807,33,3,309.81
1807,42,5,41.05
1808,21,4,148.97
1808,7,1,289.94
1808,30,4,204.67
1809,44,2,79.11
1809,22,1,102.15
1809,15,3,46.94
1810,42,3,41.05
1810,1,4,270.56
1810,38,3,312.39
1811,19,3,129.28
1811,33,5,309.81
1811,28,1,15.06
1811,34,2,37.56
1812,35,1,39.98
1812,5,3,260.5
1812,21,2,148.97
1814,43,1,294.03
1815,10,3,244.06
1815,19,5,129.28
1816,50,2,324.16
1816,32,4,176.51
1816,21,5,148.97
1817,25,2,361.62
1818,42,1,41.05
1818,29,1,18.95
1818,45,2,54.06
1818,5,5,260.5
1819,24,5,92.59
1819,28,1,15.06
1819,45,5,54.06
1819,29,1,18.95
1820,26,5,300.59
1820,34,5,37.56
1820,13,4,168.18
1820,50,3,324.16
1821,14,2,217.68
1821,16,5,179.9
1821,47,3,97.51
1822,41,3,330.06
1822,50,2,324.16
1823,22,2,102.15
1823,16,4,179.9
1823,50,3,324.16
1824,19,2,129.28
1825,8,4,133.15
1825,18,3,36.25
1825,26,1,300.59
1825,35,3,39.98
1826,6,3,313.89
1827,27,5,108.78
1827,25,2,361.62
1827,26,4,300.59
1827,39,4,94.45
1828,11,5,24.6
1828,39,2,94.45
1829,20,4,193.39
1829,43,5,294.03
1830,29,5,18.95
1830,19,3,129.28
1832,7,3,289.94
1832,41,3,330.06
1832,15,1,46.94
1833,48,4,262.11
1834,49,5,415.76
1834,5,2,260.5
1834,50,5,324.16
1834,35,4,39.98
1835,4,2,62.75
1835,21,4,148.97
1836,20,2,193.39
1837,31,4,32.87
1838,22,5,102.15
1838,42,4,41.05
1838,17,1,247.36
1839,31,1,32.87
1839,45,4,54.06
1840,48,2,262.11
1841,5,2,260.5
1842,27,4,108.78
1842,5,3,260.5
1842,24,2,92.59
1842,10,4,244.06
1843,26,3,300.59
1843,45,1,54.06
1844,42,3,41.05
1844,35,5,39.98
1844,32,5,176.51
1845,21,1,148.97
1846,29,3,18.95
1847,21,4,148.97
1847,10,4,244.06
1847,15,4,46.94
1847,38,3,312.39
1848,17,2,247.36
1848,45,2,54.06
1848,39,5,94.45
1848,9,5,109.33
1849,11,2,24.6
1850,18,5,36.25
1851,49,4,415.76
1851,2,4,185.29
1851,13,3,168.18
1852,18,2,36.25
1852,46,5,180.09
1852,28,5,15.06
1852,35,3,39.98
1853,35,2,39.98
1854,49,4,415.76
1854,11,3,24.6
1854,10,1,244.06
1855,46,3,180.09
1855,27,3,108.78
1855,23,4,145.8
1855,48,3,262.11
1856,7,2,289.94
1856,15,1,46.94
1857,12,4,172.7
1857,18,5,36.25
1858,36,5,78.64
1858,50,5,324.16
1858,33,3,309.81
1859,21,3,148.97
1860,35,2,39.98
1860,16,1,179.9
1860,9,3,109.33
1861,20,4,193.39
1861,30,4,204.67
1861,45,2,54.06
1862,46,3,180.09
1862,42,3,41.05
1863,12,2,172.7
1864,26,2,300.59
1864,46,1,180.09
1864,10,2,244.06
1865,20,1,193.39
1865,15,5,46.94
1866,1,5,270.56
1867,24,1,92.59
1867,31,4,32.87
1868,2,3,185.29
1869,23,3,145.8
1869,3,5,13.48
1870,26,4,300.59
1870,27,5,108.78
1870,15,2,46.94
1870,23,4,145.8
1871,1,1,270.56
1871,47,1,97.51
1871,41,4,330.06
1872,4,4,62.75
1872,14,3,217.68
1872,49,1,415.76
1872,12,2,172.7
1874,42,1,41.05
1874,31,3,32.87
1874,6,1,313.89
1875,23,1,145.8
1875,19,3,129.28
1876,15,5,46.94
1876,16,3,179.9
1877,18,4,36.25
1877,46,5,180.09
1877,19,1,129.28
1878,8,1,133.15
1878,40,4,301.81
1878,49,1,415.76
1879,37,2,34.53
1879,13,5,168.18
1879,10,1,244.06
1880,5,2,260.5
1881,39,5,94.45
1881,41,4,330.06
1882,10,2,244.06
1882,28,3,15.06
1883,44,2,79.11
1883,16,4,179.9
1883,22,2,102.15
1883,27,4,108.78
1885,8,2,133.15
1885,16,2,179.9
1885,1,1,270.56
1886,18,1,36.25
1886,50,4,324.16
1887,15,4,46.94
1888,6,2,313.89
1888,24,1,92.59
1889,31,3,32.87
1889,2,5,185.29
1889,45,4,54.06
1889,22,5,102.15
1891,35,3,39.98
1891,9,4,109.33
1892,41,3,330.06
1892,35,2,39.98
1893,27,4,108.78
1893,25,4,361.62
1893,2,4,185.29
1894,25,5,361.62
1894,18,4,36.25
1894,27,3,108.78
1895,23,2,145.8
1896,29,3,18.95
1897,43,4,294.03
1897,3,3,13.48
1897,6,2,313.89
1897,28,4,15.06
1898,24,2,92.59
1899,49,3,415.76
1899,29,1,18.95
1899,31,3,32.87
1899,15,4,46.94
1900,6,4,313.89
1900,32,4,176.51
1901,23,2,145.8
1901,10,1,244.06
1901,40,3,301.81
1901,44,3,79.11
1903,38,4,312.39
1903,39,1,94.45
1904,12,3,172.7
1904,19,3,129.28
1904,42,4,41.05
1906,38,4,312.39
1906,44,4,79.11
1906,30,4,204.67
1906,26,3,300.59
1907,33,3,309.81
1908,47,2,97.51
1908,20,3,193.39
1908,14,1,217.68
1908,25,3,361.62
1909,32,4,176.51
1909,46,2,180.09
1909,26,5,300.59
1909,11,2,24.6
1910,41,1,330.06
1910,29,5,18.95
1911,45,2,54.06
1911,32,5,176.51
1911,48,5,262.11
1912,48,1,262.11
1913,33,1,309.81
1913,12,3,172.7
1913,16,3,179.9
1913,4,5,62.75
1914,1,1,270.56
1915,27,3,108.78
1915,39,5,94.45
1916,50,2,324.16
1916,16,5,179.9
1917,50,2,324.16
1917,33,3,309.81
1917,20,2,193.39
1917,18,3,36.25
1918,33,4,309.81
1918,14,2,217.68
1918,11,5,24.6
1919,30,1,204.67
1919,36,1,78.64
1920,44,5,79.11
1921,11,5,24.6
1923,1,4,270.56
1923,23,1,145.8
1923,15,2,46.94
1923,9,3,109.33
1924,30,1,204.67
1924,1,2,270.56
1924,4,2,62.75
1925,3,3,13.48
1926,17,4,247.36
1927,10,2,244.06
1927,45,3,54.06
1927,11,1,24.6
1927,32,1,176.51
1928,45,5,54.06
1929,7,1,289.94
1929,48,1,262.11
1929,23,5,145.8
1929,46,5,180.09
1930,28,1,15.06
1930,18,5,36.25
1931,33,2,309.81
1931,38,5,312.39
1931,48,3,262.11
1931,13,3,168.18
1932,48,5,262.11
1932,15,1,46.94
1932,33,3,309.81
1932,6,3,313.89
1933,48,2,262.11
1933,6,1,313.89
1933,50,3,324.16
1933,10,5,244.06
1935,21,4,148.97
1935,19,3,129.28
1935,10,4,244.06
1935,38,1,312.39
1936,15,4,46.94
1936,16,5,179.9
1937,47,4,97.51
1937,41,3,330.06
1937,2,5,185.29
1938,38,4,312.39
1938,19,1,129.28
1939,48,4,262.11
1939,37,3,34.53
1939,28,5,15.06
1939,30,1,204.67
1940,36,2,78.64
1940,49,5,415.76
1940,22,1,102.15
1940,45,4,54.06
1941,10,4,244.06
1941,4,3,62.75
1942,44,5,79.11
1942,8,1,133.15
1942,37,3,34.53
1942,18,3,36.25
1943,5,1,260.5
1943,4,1,62.75
1944,21,2,148.97
1944,8,4,133.15
1945,46,1,180.09
1945,20,2,193.39
1946,30,5,204.67
1946,5,4,260.5
1946,45,5,54.06
1946,9,5,109.33
1947,45,1,54.06
1947,8,4,133.15
1949,7,4,289.94
1949,23,3,145.8
1949,21,3,148.97
1950,22,1,102.15
1950,40,3,301.81
1951,12,1,172.7
1951,44,3,79.11
1951,3,2,13.48
1951,46,5,180.09
1952,29,5,18.95
1952,14,4,217.68
1952,34,3,37.56
1952,27,2,108.78
1953,30,4,204.67
1953,3,4,13.48
1953,31,5,32.87
1956,28,1,15.06
1957,30,1,204.67
1957,31,4,32.87
1957,36,2,78.64
1957,15,1,46.94
1958,28,5,15.06
1958,34,1,37.56
1959,41,2,330.06
1959,42,4,41.05
1960,18,1,36.25
1961,28,4,15.06
1961,32,2,176.51
1961,49,5,415.76
1961,6,4,313.89
1962,18,5,36.25
1962,1,4,270.56
1963,29,1,18.95
1963,15,3,46.94
1963,13,1,168.18
1963,38,4,312.39
1964,47,3,97.51
1964,6,5,313.89
1964,14,3,217.68
1965,39,5,94.45
1965,13,2,168.18
1965,18,2,36.25
1966,24,5,92.59
1966,8,2,133.15
1966,35,5,39.98
1967,12,5,172.7
1967,11,5,24.6
1967,9,3,109.33
1968,35,4,39.98
1968,20,2,193.39
1968,27,3,108.78
1968,13,2,168.18
1969,6,5,313.89
1969,23,4,145.8
1970,50,3,324.16
1971,10,2,244.06
1971,39,2,94.45
1971,11,4,24.6
1971,46,1,180.09
1972,10,3,244.06
1974,22,2,102.15
1974,20,1,193.39
1975,24,3,92.59
1975,38,1,312.39
1975,8,1,133.15
1975,9,5,109.33
1976,38,5,312.39
1976,9,2,109.33
1976,7,1,289.94
1976,48,3,262.11
1977,19,3,129.28
1977,37,1,34.53
1978,17,3,247.36
1978,24,3,92.59
1980,30,5,204.67
1980,46,3,180.09
1980,42,3,41.05
1980,49,5,415.76
1981,39,3,94.45
1981,5,5,260.5
1981,15,5,46.94
1981,11,2,24.6
1982,8,5,133.15
1983,38,1,312.39
1983,27,2,108.78
1985,30,2,204.67
1985,27,3,108.78
1985,16,5,179.9
1986,15,2,46.94
1987,3,3,13.48
1987,49,5,415.76
1987,26,5,300.59
1987,9,5,109.33
1989,42,5,41.05
1989,7,4,289.94
1989,35,2,39.98
1990,24,1,92.59
1990,42,2,41.05
1991,29,1,18.95
1991,49,5,415.76
1992,25,2,361.62
1992,34,2,37.56
1993,29,1,18.95
1993,44,3,79.11
1993,30,1,204.67
1993,10,1,244.06
1995,28,5,15.06
1995,44,4,79.11
1996,25,4,361.62
1996,7,3,289.94
1996,40,3,301.81
1996,24,5,92.59
1997,36,2,78.64
1998,39,4,94.45
1998,26,4,300.59
1998,36,4,78.64
1998,27,3,108.78
1999,14,5,217.68
1999,20,3,193.39
1999,23,5,145.8
2000,8,5,133.15
